plot,numb.stalks,max.inflo.height.mm,site,basal.area.cm2,species,seeds_per_glume
30720,3,174,Big Fill,9.75,BOUGRA,1
30720,4,338,Big Fill,13.97,BOUGRA,1
30720,1,194,Big Fill,11.94,BOUGRA,1
30720,1,203,Big Fill,6.29,BOUGRA,1
30720,1,171,Big Fill,6.13,BOUGRA,1
30720,1,212,Big Fill,27.38,BOUGRA,1
30720,1,255,Big Fill,31.57,BOUGRA,1
30720,3,245,Big Fill,20.76,BOUGRA,1
30720,3,319,Big Fill,34.88,BOUGRA,1
30720,2,126,Big Fill,16.88,BOUGRA,1
30720,0,0,Big Fill,18.87,BOUGRA,1
30720,4,241,Big Fill,27.63,BOUGRA,1
30720,4,266,Big Fill,18.48,BOUGRA,1
30720,1,411,Big Fill,14.16,BOUGRA,1
30720,1,308,Big Fill,36.98,BOUGRA,1
30720,1,165,Big Fill,88.94,BOUGRA,1
30720,6,273,Big Fill,50.71,BOUGRA,1
30720,1,226,Big Fill,48.89,BOUGRA,1
30720,2,232,Big Fill,45.57,BOUGRA,1
30712,1,200,Big Fill,40.11,BOUGRA,1
30712,4,352,Big Fill,43.78,BOUGRA,1
30712,3,273,Big Fill,53.41,BOUGRA,1
200418,4,351,Big Fill,47.19,BOUGRA,1
200418,7,406,Big Fill,38.85,BOUGRA,1
200418,14,351,Big Fill,46.08,BOUGRA,1
30720,9,376,Big Fill,132.83,BOUGRA,1
30720,19,300,Big Fill,84.72,BOUGRA,1
30712,30,365,Big Fill,85.71,BOUGRA,1
30712,12,371,Big Fill,80.8,BOUGRA,1
30712,9,290,Big Fill,78.44,BOUGRA,1
30712,7,241,Big Fill,89.55,BOUGRA,1
30712,8,237,Big Fill,97.69,BOUGRA,1
30712,11,379,Big Fill,81.92,BOUGRA,1
200418,7,315,Big Fill,83.43,BOUGRA,1
200418,3,284,Big Fill,96.51,BOUGRA,1
22244,1,366,FVEFS2,0.84202,BROCIL,6
22244,1,523,FVEFS2,1.579146,BROCIL,6
22244,1,572,FVEFS2,0.94007,BROCIL,6
22244,1,379,FVEFS2,1.03202,BROCIL,6
22244,1,415,FVEFS2,1.505185,BROCIL,6
22156,2,488,FVEFS2,2.538766,BROCIL,6
22156,0,0,FVEFS2,4.045235,BROCIL,6
22244,1,572,FVEFS2,2.75103,BROCIL,6
22244,1,305,FVEFS2,5.140989,BROCIL,6
22244,1,504,FVEFS2,9.091579,BROCIL,6
22244,2,415,FVEFS2,4.854908,BROCIL,6
22244,2,352,FVEFS2,2.978993,BROCIL,6
22244,1,380,FVEFS2,3.957801,BROCIL,6
22244,1,401,FVEFS2,3.921922,BROCIL,6
22244,1,483,FVEFS2,2.146616,BROCIL,6
22244,2,492,FVEFS2,11.65251,BROCIL,6
22244,1,396,FVEFS2,9.984359,BROCIL,6
22244,4,395,FVEFS2,12.06076,BROCIL,6
22244,2,562,FVEFS2,11.2204,BROCIL,6
22244,2,470,FVEFS2,14.03476,BROCIL,6
22244,1,455,FVEFS2,12.52136,BROCIL,6
22244,1,321,FVEFS2,18.55941,BROCIL,6
30702,2,456,RT,2.475878,BROCIL,6
30702,2,415,RT,3.808614,BROCIL,6
30702,1,565,RT,1.230083,BROCIL,6
30702,2,510,RT,2.075056,BROCIL,6
30702,1,230,RT,0.688171,BROCIL,6
30702,3,527,RT,6.329747,BROCIL,6
30702,2,365,RT,13.19642,BROCIL,6
30702,2,743,RT,6.617079,BROCIL,6
30702,2,530,RT,15.60076,BROCIL,6
30702,5,703,RT,11.20586,BROCIL,6
30702,7,834,RT,32.11069,BROCIL,6
16,3,83,Big Fill,2.36,CARGEO,3
16,0,0,Big Fill,1.77,CARGEO,3
16,2,30,Big Fill,4.21,CARGEO,3
16,0,0,Big Fill,1.53,CARGEO,3
16,2,42,Big Fill,5.9,CARGEO,3
16,10,20,Big Fill,8.45,CARGEO,3
16,1,36,Big Fill,7.75,CARGEO,3
30719,0,0,Big Fill,3.43,CARGEO,3
30719,0,0,Big Fill,6.89,CARGEO,3
16,4,48,Big Fill,35.55,CARGEO,3
16,0,0,Big Fill,23.91,CARGEO,3
16,0,0,Big Fill,15.8,CARGEO,3
16,0,0,Big Fill,9.01,CARGEO,3
16,6,32,Big Fill,96.61,CARGEO,3
16,5,47,Big Fill,55.7,CARGEO,3
16,4,60,Big Fill,24.07,CARGEO,3
30719,5,39,Big Fill,44.39,CARGEO,3
16,7,27,Big Fill,181.57,CARGEO,3
30741,0,0,Black Springs,1.59,CARGEO,3
30741,2,88,Black Springs,2.59,CARGEO,3
2004-46,4,39,Black Springs,4.14,CARGEO,3
30744,3,65,Black Springs,2.32,CARGEO,3
30744,1,91,Black Springs,2.19,CARGEO,3
2004-46,15,51,Black Springs,25.61018,CARGEO,3
2004-46,14,41,Black Springs,47.39329,CARGEO,3
30741,5,50,Black Springs,7.21,CARGEO,3
30743,0,0,Black Springs,8.21,CARGEO,3
30743,0,0,Black Springs,6.9,CARGEO,3
2004-46,2,28,Black Springs,5.44,CARGEO,3
2004-46,1,21,Black Springs,10.16,CARGEO,3
30744,5,78,Black Springs,17.37,CARGEO,3
30744,4,62,Black Springs,7.4,CARGEO,3
30744,0,0,Black Springs,4.95,CARGEO,3
2004-46,22,92,Black Springs,96.47405,CARGEO,3
2004-46,9,71,Black Springs,33.56842,CARGEO,3
30741,4,80,Black Springs,24.18,CARGEO,3
30743,0,0,Black Springs,23.25,CARGEO,3
30743,1,12,Black Springs,26.44,CARGEO,3
30743,7,61,Black Springs,12.83,CARGEO,3
30743,6,95,Black Springs,15.92,CARGEO,3
30743,0,0,Black Springs,12.42,CARGEO,3
30745,1,27,Black Springs,10.27,CARGEO,3
30745,4,42,Black Springs,12.67,CARGEO,3
2004-46,10,63,Black Springs,105.1538,CARGEO,3
30745,8,33,Black Springs,40.64,CARGEO,3
30745,0,0,Black Springs,37.75,CARGEO,3
30745,1,50,Black Springs,8.48,CARGEO,3
30747,4,26,Black Springs,15.33,CARGEO,3
30747,0,0,Black Springs,19.93,CARGEO,3
30743,0,0,Black Springs,19.51,CARGEO,3
30743,0,0,Black Springs,20.02,CARGEO,3
30743,7,60,Black Springs,23.39,CARGEO,3
30747,0,0,Black Springs,32.85,CARGEO,3
30741,35,123,Black Springs,165.13,CARGEO,3
30743,18,63,Black Springs,67.97,CARGEO,3
30743,14,59,Black Springs,130.24,CARGEO,3
30747,0,0,Black Springs,58.81,CARGEO,3
30748,12,43,Black Springs,95.47,CARGEO,3
30737,1,21,Fry Park,1.1,CARGEO,3
30734,2,35,Fry Park,0.93,CARGEO,3
30734,1,30,Fry Park,0.62,CARGEO,3
30735,11,97,Fry Park,16.57865,CARGEO,3
30734,3,31,Fry Park,3.21,CARGEO,3
30734,1,32,Fry Park,1.79,CARGEO,3
30734,2,44,Fry Park,1.26,CARGEO,3
30734,0,0,Fry Park,1.27,CARGEO,3
30734,2,12,Fry Park,7.69,CARGEO,3
30735,0,0,Fry Park,5.68,CARGEO,3
30737,2,35,Fry Park,5.44,CARGEO,3
30736,0,0,Fry Park,12,CARGEO,3
30736,2,20,Fry Park,7.9,CARGEO,3
30735,15,65,Fry Park,97.85756,CARGEO,3
30735,19,70,Fry Park,35.08387,CARGEO,3
30735,17,66,Fry Park,34.7209,CARGEO,3
30734,6,56,Fry Park,31.28,CARGEO,3
30733,8,48,Fry Park,15.88,CARGEO,3
30734,6,60,Fry Park,6.8,CARGEO,3
30734,2,20,Fry Park,12.25,CARGEO,3
30737,7,53,Fry Park,9.96,CARGEO,3
30734,2,37,Fry Park,21.14,CARGEO,3
30734,1,19,Fry Park,13.97,CARGEO,3
30735,27,45,Fry Park,170.4462,CARGEO,3
30734,8,18,Fry Park,32.76,CARGEO,3
30734,7,45,Fry Park,35.21,CARGEO,3
30734,9,43,Fry Park,46.07,CARGEO,3
30735,0,0,Fry Park,36.75,CARGEO,3
30737,18,47,Fry Park,41.5,CARGEO,3
30737,2,34,Fry Park,21.07,CARGEO,3
30736,4,31,Fry Park,36.86,CARGEO,3
30736,16,53,Fry Park,34.94,CARGEO,3
30736,2,34,Fry Park,26.13,CARGEO,3
30735,0,0,Fry Park,60.83,CARGEO,3
30735,1,35,Fry Park,81.33,CARGEO,3
30735,24,80,Fry Park,124.3,CARGEO,3
30735,23,78,Fry Park,187.69,CARGEO,3
30736,3,38,Fry Park,80.94,CARGEO,3
21114,0,0,Fort Valley,0.82,CARGEO,3
21114,1,34,Fort Valley,1.33,CARGEO,3
21174,0,0,Fort Valley,1.39,CARGEO,3
21269,0,0,Fort Valley,2.38,CARGEO,3
21269,2,23,Fort Valley,2.02,CARGEO,3
21114,2,30,Fort Valley,9.28,CARGEO,3
21114,0,0,Fort Valley,7.07,CARGEO,3
21114,4,41,Fort Valley,12.55,CARGEO,3
21114,0,0,Fort Valley,6.23,CARGEO,3
21174,0,0,Fort Valley,4.94,CARGEO,3
21174,1,34,Fort Valley,4.21,CARGEO,3
21174,0,0,Fort Valley,5.67,CARGEO,3
21269,4,26,Fort Valley,4.2,CARGEO,3
21269,4,17,Fort Valley,3.42,CARGEO,3
21269,5,46,Fort Valley,8.2,CARGEO,3
21114,1,32,Fort Valley,11.18,CARGEO,3
21114,5,37,Fort Valley,10.16,CARGEO,3
21114,0,0,Fort Valley,15.1,CARGEO,3
21174,2,22,Fort Valley,19.88,CARGEO,3
21174,0,0,Fort Valley,10.33,CARGEO,3
21174,0,0,Fort Valley,19.13,CARGEO,3
21269,5,79,Fort Valley,18.27,CARGEO,3
21269,2,43,Fort Valley,23.97,CARGEO,3
21262,3,34,Fort Valley,14,CARGEO,3
21262,2,29,Fort Valley,8.22,CARGEO,3
21114,1,30,Fort Valley,28.92,CARGEO,3
21114,14,33,Fort Valley,22.98,CARGEO,3
21174,0,0,Fort Valley,23.49,CARGEO,3
21174,2,37,Fort Valley,21.67,CARGEO,3
21269,2,55,Fort Valley,26.26,CARGEO,3
21269,3,38,Fort Valley,29.03,CARGEO,3
21269,2,34,Fort Valley,32.74,CARGEO,3
21269,7,36,Fort Valley,20.85,CARGEO,3
21262,4,38,Fort Valley,30.03,CARGEO,3
21262,8,44,Fort Valley,28.03,CARGEO,3
21114,1,27,Fort Valley,40.08,CARGEO,3
21114,15,51,Fort Valley,76.77,CARGEO,3
21174,4,42,Fort Valley,43.22,CARGEO,3
21269,15,48,Fort Valley,96.78,CARGEO,3
21262,37,42,Fort Valley,119.67,CARGEO,3
22156,1,19,Fort Valley,0.87,CARGEO,3
22156,1,23,Fort Valley,0.68,CARGEO,3
22156,1,24,Fort Valley,0.99,CARGEO,3
22156,1,17,Fort Valley,1.1,CARGEO,3
22156,0,0,Fort Valley,0.52,CARGEO,3
22156,5,24,Fort Valley,21.68486,CARGEO,3
22156,15,33,Fort Valley,26.95286,CARGEO,3
22156,10,27,Fort Valley,31.96442,CARGEO,3
22156,10,44,Fort Valley,5.01,CARGEO,3
22156,6,30,Fort Valley,6.62,CARGEO,3
22156,3,40,Fort Valley,4.88,CARGEO,3
22156,1,20,Fort Valley,3.78,CARGEO,3
22156,0,0,Fort Valley,4.31,CARGEO,3
22156,3,51,Fort Valley,6.25,CARGEO,3
22156,5,35,Fort Valley,4.69,CARGEO,3
22156,11,60,Fort Valley,35.07649,CARGEO,3
22156,0,0,Fort Valley,11.11,CARGEO,3
22156,0,0,Fort Valley,9.82,CARGEO,3
22156,6,32,Fort Valley,22.75,CARGEO,3
22156,7,30,Fort Valley,16.25,CARGEO,3
22126,0,0,Fort Valley,11.45,CARGEO,3
22126,2,21,Fort Valley,15.43,CARGEO,3
22126,3,33,Fort Valley,16.07,CARGEO,3
22244,0,0,Fort Valley,7.63,CARGEO,3
22244,5,30,Fort Valley,13.58,CARGEO,3
22156,18,60,Fort Valley,60.32234,CARGEO,3
22126,9,28,Fort Valley,32.39,CARGEO,3
22126,0,0,Fort Valley,26.61,CARGEO,3
22126,7,21,Fort Valley,27.09,CARGEO,3
22126,2,15,Fort Valley,19.22,CARGEO,3
22126,10,38,Fort Valley,27.73,CARGEO,3
22156,0,0,Fort Valley,19.99,CARGEO,3
22156,0,0,Fort Valley,24.93,CARGEO,3
22241,3,32,Fort Valley,27.16,CARGEO,3
22241,2,43,Fort Valley,31.79,CARGEO,3
22126,5,28,Fort Valley,49.77,CARGEO,3
22126,13,39,Fort Valley,89.3,CARGEO,3
22156,1,26,Fort Valley,107.58,CARGEO,3
22156,12,51,Fort Valley,158.37,CARGEO,3
22241,4,30,Fort Valley,60.47,CARGEO,3
23155,2,10,Fort Valley,1.48,CARGEO,3
23155,0,0,Fort Valley,0.52,CARGEO,3
23155,1,27,Fort Valley,3.15,CARGEO,3
23159,0,0,Fort Valley,1.63,CARGEO,3
23159,2,14,Fort Valley,4.92,CARGEO,3
23155,3,36,Fort Valley,5.82,CARGEO,3
23155,0,0,Fort Valley,7.98,CARGEO,3
23155,0,0,Fort Valley,8.9,CARGEO,3
23155,0,0,Fort Valley,4.69,CARGEO,3
23155,0,0,Fort Valley,8.25,CARGEO,3
23159,0,0,Fort Valley,8.49,CARGEO,3
23159,0,0,Fort Valley,7.16,CARGEO,3
23159,2,33,Fort Valley,14.82,CARGEO,3
23159,0,0,Fort Valley,5.73,CARGEO,3
23159,0,0,Fort Valley,6.21,CARGEO,3
23155,0,0,Fort Valley,14.32,CARGEO,3
23155,4,27,Fort Valley,16.11,CARGEO,3
23155,0,0,Fort Valley,20.32,CARGEO,3
23155,0,0,Fort Valley,19.34,CARGEO,3
23155,0,0,Fort Valley,10.55,CARGEO,3
23159,0,0,Fort Valley,15.88,CARGEO,3
23159,4,21,Fort Valley,23.51,CARGEO,3
23159,8,57,Fort Valley,15.26,CARGEO,3
23159,1,19,Fort Valley,14.88,CARGEO,3
23159,0,0,Fort Valley,17.38,CARGEO,3
23155,15,27,Fort Valley,37.71,CARGEO,3
23155,3,22,Fort Valley,22.74,CARGEO,3
23155,2,28,Fort Valley,26.57,CARGEO,3
23155,0,0,Fort Valley,23.65,CARGEO,3
23159,0,0,Fort Valley,18.86,CARGEO,3
23159,5,30,Fort Valley,23.04,CARGEO,3
23159,5,35,Fort Valley,24.93,CARGEO,3
23159,3,10,Fort Valley,19.65,CARGEO,3
23159,1,16,Fort Valley,27.66,CARGEO,3
23159,3,47,Fort Valley,28.66,CARGEO,3
23155,1,17,Fort Valley,48.59,CARGEO,3
23155,10,29,Fort Valley,114.27,CARGEO,3
23155,24,43,Fort Valley,86.42,CARGEO,3
23159,12,48,Fort Valley,57.02,CARGEO,3
23159,5,53,Fort Valley,97.08,CARGEO,3
30701,1,26,Reese Tank,1.62,CARGEO,3
30701,2,38,Reese Tank,2.38,CARGEO,3
30709,0,0,Reese Tank,0.87,CARGEO,3
30703,0,0,Reese Tank,1.38,CARGEO,3
30704,0,0,Reese Tank,2.71,CARGEO,3
30701,2,19,Reese Tank,14.19,CARGEO,3
30701,0,0,Reese Tank,10.05,CARGEO,3
30701,1,25,Reese Tank,9.88,CARGEO,3
30709,3,27,Reese Tank,4.31,CARGEO,3
30709,0,0,Reese Tank,3.37,CARGEO,3
30703,1,7,Reese Tank,5.55,CARGEO,3
30705,1,34,Reese Tank,3.18,CARGEO,3
30704,0,0,Reese Tank,4.89,CARGEO,3
30704,0,0,Reese Tank,7.38,CARGEO,3
30704,1,33,Reese Tank,11.95,CARGEO,3
30701,3,20,Reese Tank,29.38,CARGEO,3
30701,0,0,Reese Tank,13.37,CARGEO,3
30701,2,42,Reese Tank,14.81,CARGEO,3
30709,1,27,Reese Tank,23.89,CARGEO,3
30703,0,0,Reese Tank,15.55,CARGEO,3
30703,1,22,Reese Tank,13.6,CARGEO,3
30705,0,0,Reese Tank,9.74,CARGEO,3
2004-10,2,31,Reese Tank,11.51,CARGEO,3
2004-10,0,0,Reese Tank,16.08,CARGEO,3
30704,3,30,Reese Tank,15.31,CARGEO,3
30701,0,0,Reese Tank,42.92,CARGEO,3
30709,4,32,Reese Tank,35.01,CARGEO,3
30709,3,37,Reese Tank,13.78,CARGEO,3
30703,5,37,Reese Tank,44.24,CARGEO,3
30705,3,35,Reese Tank,64.53,CARGEO,3
30705,3,40,Reese Tank,22.8,CARGEO,3
30705,0,0,Reese Tank,33.89,CARGEO,3
30704,3,34,Reese Tank,26.74,CARGEO,3
30704,5,54,Reese Tank,42.02,CARGEO,3
30704,7,29,Reese Tank,25.17,CARGEO,3
20048,26,42,Reese Tank,208.29,CARGEO,3
20048,2,37,Reese Tank,120.9,CARGEO,3
30706,11,34,Reese Tank,180.4,CARGEO,3
30706,7,30,Reese Tank,81.38,CARGEO,3
30709,0,0,Reese Tank,34.1,CARGEO,3
30730,8,63,Rogers Lake,18.63593,CARGEO,3
30721,0,0,Rogers Lake,0.56,CARGEO,3
30721,0,0,Rogers Lake,2.15,CARGEO,3
30725,1,36,Rogers Lake,3.68,CARGEO,3
26369,0,0,Rogers Lake,0.46,CARGEO,3
30730,10,50,Rogers Lake,43.52467,CARGEO,3
30721,0,0,Rogers Lake,11.32,CARGEO,3
26369,0,0,Rogers Lake,14.4,CARGEO,3
30730,1,40,Rogers Lake,6,CARGEO,3
30730,1,25,Rogers Lake,3.06,CARGEO,3
30730,0,0,Rogers Lake,4.47,CARGEO,3
30730,2,27,Rogers Lake,7.76,CARGEO,3
30730,1,40,Rogers Lake,6.5,CARGEO,3
30730,1,61,Rogers Lake,6.09,CARGEO,3
30730,1,50,Rogers Lake,3.41,CARGEO,3
30730,12,53,Rogers Lake,78.76578,CARGEO,3
30730,10,40,Rogers Lake,67.0705,CARGEO,3
30723,0,0,Rogers Lake,17.16,CARGEO,3
26369,0,0,Rogers Lake,19.8,CARGEO,3
30730,3,32,Rogers Lake,21.41,CARGEO,3
30730,1,24,Rogers Lake,14.68,CARGEO,3
30730,5,36,Rogers Lake,13.17,CARGEO,3
30730,3,25,Rogers Lake,6.21,CARGEO,3
30730,3,22,Rogers Lake,14.89,CARGEO,3
30730,4,34,Rogers Lake,11,CARGEO,3
30730,10,56,Rogers Lake,100.5542,CARGEO,3
30721,17,49,Rogers Lake,53.79,CARGEO,3
30721,0,0,Rogers Lake,29.48,CARGEO,3
30730,19,43,Rogers Lake,68.99,CARGEO,3
30730,8,34,Rogers Lake,52.56,CARGEO,3
30730,7,38,Rogers Lake,39.79,CARGEO,3
30730,0,0,Rogers Lake,40.87,CARGEO,3
30730,5,32,Rogers Lake,47.44,CARGEO,3
30730,9,49,Rogers Lake,37.93,CARGEO,3
30730,6,50,Rogers Lake,52.16,CARGEO,3
30723,14,49,Rogers Lake,194.13,CARGEO,3
30725,0,0,Rogers Lake,199.06,CARGEO,3
30730,30,46,Rogers Lake,131.82,CARGEO,3
30730,35,45,Rogers Lake,120.33,CARGEO,3
30730,26,50,Rogers Lake,150.04,CARGEO,3
101,0,0,Government Knolls,2.75,CARGEO,3
101,2,52,Government Knolls,2.57,CARGEO,3
101,0,0,Government Knolls,3.04,CARGEO,3
106,0,0,Government Knolls,1.08,CARGEO,3
103,0,0,Government Knolls,1.86,CARGEO,3
104,6,24,Government Knolls,34.77448,CARGEO,3
104,2,24,Government Knolls,17.09284,CARGEO,3
104,5,33,Government Knolls,17.02683,CARGEO,3
104,7,40,Government Knolls,29.14986,CARGEO,3
101,0,0,Government Knolls,4.94,CARGEO,3
101,2,32,Government Knolls,6.95,CARGEO,3
101,3,24,Government Knolls,9.58,CARGEO,3
106,4,30,Government Knolls,5.09,CARGEO,3
106,1,20,Government Knolls,14.48,CARGEO,3
103,1,15,Government Knolls,9.48,CARGEO,3
101,9,42,Government Knolls,27.71,CARGEO,3
101,4,39,Government Knolls,18.09,CARGEO,3
101,12,39,Government Knolls,18.14,CARGEO,3
101,3,45,Government Knolls,20.06,CARGEO,3
106,6,32,Government Knolls,17.37,CARGEO,3
106,3,25,Government Knolls,11.09,CARGEO,3
106,10,28,Government Knolls,15.26,CARGEO,3
103,2,12,Government Knolls,15.15,CARGEO,3
103,2,19,Government Knolls,18.5,CARGEO,3
102,4,32,Government Knolls,17.06,CARGEO,3
104,9,31,Government Knolls,90.60508,CARGEO,3
101,5,51,Government Knolls,26.77,CARGEO,3
106,4,23,Government Knolls,46.39,CARGEO,3
106,4,30,Government Knolls,21.24,CARGEO,3
106,12,42,Government Knolls,25.38,CARGEO,3
106,11,44,Government Knolls,42.64,CARGEO,3
106,3,31,Government Knolls,37.55,CARGEO,3
103,6,36,Government Knolls,22.91,CARGEO,3
103,5,43,Government Knolls,21.88,CARGEO,3
102,3,27,Government Knolls,39.33,CARGEO,3
101,37,42,Government Knolls,97.17,CARGEO,3
101,11,26,Government Knolls,53.16,CARGEO,3
106,26,40,Government Knolls,83.41,CARGEO,3
102,13,35,Government Knolls,41.14,CARGEO,3
102,12,26,Government Knolls,73.91,CARGEO,3
110,0,0,Kendrick Panel,0.44498,CARGEO,3
110,1,10,Kendrick Panel,3.246566,CARGEO,3
109,2,27,Kendrick Panel,3.71,CARGEO,3
109,1,40,Kendrick Panel,2.98,CARGEO,3
109,0,0,Kendrick Panel,4.24,CARGEO,3
110,9,36,Kendrick Panel,18.21128,CARGEO,3
109,3,32,Kendrick Panel,10.28,CARGEO,3
109,0,0,Kendrick Panel,6.52,CARGEO,3
109,1,44,Kendrick Panel,10.27,CARGEO,3
109,1,46,Kendrick Panel,10.73,CARGEO,3
109,3,19,Kendrick Panel,6.38,CARGEO,3
109,0,0,Kendrick Panel,5.8,CARGEO,3
108,0,0,Kendrick Panel,8.27,CARGEO,3
108,0,0,Kendrick Panel,8.82,CARGEO,3
108,1,27,Kendrick Panel,4.28,CARGEO,3
110,5,42,Kendrick Panel,50.35437,CARGEO,3
110,11,36,Kendrick Panel,41.34464,CARGEO,3
110,10,51,Kendrick Panel,43.92865,CARGEO,3
109,10,30,Kendrick Panel,20.08,CARGEO,3
109,2,29,Kendrick Panel,17.1,CARGEO,3
109,1,39,Kendrick Panel,13.92,CARGEO,3
109,2,36,Kendrick Panel,28.19,CARGEO,3
109,2,21,Kendrick Panel,16.8,CARGEO,3
108,3,25,Kendrick Panel,24.4,CARGEO,3
108,0,0,Kendrick Panel,20.99,CARGEO,3
110,2,37,Kendrick Panel,62.38999,CARGEO,3
109,0,0,Kendrick Panel,50.08,CARGEO,3
109,7,39,Kendrick Panel,40.63,CARGEO,3
109,4,15,Kendrick Panel,45.49,CARGEO,3
109,1,40,Kendrick Panel,30.64,CARGEO,3
109,5,42,Kendrick Panel,35.42,CARGEO,3
108,1,33,Kendrick Panel,33.67,CARGEO,3
108,5,31,Kendrick Panel,28.58,CARGEO,3
108,1,26,Kendrick Panel,20.98,CARGEO,3
108,7,42,Kendrick Panel,30.75,CARGEO,3
109,1,120,Kendrick Panel,72.6,CARGEO,3
109,9,38,Kendrick Panel,50.32,CARGEO,3
109,6,22,Kendrick Panel,57.53,CARGEO,3
108,14,26,Kendrick Panel,116.11,CARGEO,3
108,10,48,Kendrick Panel,91.16,CARGEO,3
120,0,0,SI Panel,1.71,CARGEO,3
120,0,0,SI Panel,1.54,CARGEO,3
120,0,0,SI Panel,4.61,CARGEO,3
115,0,0,SI Panel,0.98,CARGEO,3
121,0,0,SI Panel,1.13,CARGEO,3
115,22,37,SI Panel,28.53772,CARGEO,3
120,0,0,SI Panel,12.74,CARGEO,3
120,0,0,SI Panel,9.16,CARGEO,3
120,0,0,SI Panel,9.29,CARGEO,3
115,0,0,SI Panel,2.25,CARGEO,3
115,0,0,SI Panel,7.72,CARGEO,3
115,3,34,SI Panel,6.22,CARGEO,3
115,1,39,SI Panel,7.43,CARGEO,3
121,0,0,SI Panel,9.02,CARGEO,3
121,0,0,SI Panel,6.31,CARGEO,3
115,12,50,SI Panel,45.31497,CARGEO,3
115,16,65,SI Panel,41.17932,CARGEO,3
115,11,53,SI Panel,48.10176,CARGEO,3
120,0,0,SI Panel,26.12,CARGEO,3
115,8,34,SI Panel,19.38,CARGEO,3
115,3,37,SI Panel,17.68,CARGEO,3
115,0,0,SI Panel,21.16,CARGEO,3
115,0,0,SI Panel,17.6,CARGEO,3
121,2,55,SI Panel,23.7,CARGEO,3
121,1,75,SI Panel,15.95,CARGEO,3
115,41,45,SI Panel,178.2586,CARGEO,3
120,2,19,SI Panel,25.67,CARGEO,3
120,0,0,SI Panel,35.47,CARGEO,3
120,0,0,SI Panel,29.06,CARGEO,3
115,4,32,SI Panel,33.69,CARGEO,3
115,4,40,SI Panel,23.54,CARGEO,3
115,4,39,SI Panel,34.69,CARGEO,3
115,6,42,SI Panel,28.1,CARGEO,3
121,4,25,SI Panel,22.32,CARGEO,3
121,2,30,SI Panel,20.33,CARGEO,3
115,0,0,SI Panel,70.34,CARGEO,3
115,0,0,SI Panel,45.99,CARGEO,3
121,1,67,SI Panel,127.01,CARGEO,3
121,5,21,SI Panel,138.29,CARGEO,3
121,9,24,SI Panel,76.43,CARGEO,3
29004,0,0,Nordic Center,1.69,CARGEO,3
29004,0,0,Nordic Center,3.19,CARGEO,3
29004,0,0,Nordic Center,0.82,CARGEO,3
29003,0,0,Nordic Center,1.75,CARGEO,3
29003,0,0,Nordic Center,1.93,CARGEO,3
29004,2,21,Nordic Center,6.08,CARGEO,3
29004,4,31,Nordic Center,9.72,CARGEO,3
29004,2,18,Nordic Center,11.66,CARGEO,3
29004,0,0,Nordic Center,4.38,CARGEO,3
29004,0,0,Nordic Center,5.97,CARGEO,3
29003,0,0,Nordic Center,6.54,CARGEO,3
29003,0,0,Nordic Center,5.65,CARGEO,3
29003,0,0,Nordic Center,6.95,CARGEO,3
29003,1,20,Nordic Center,6.24,CARGEO,3
29003,0,0,Nordic Center,5.96,CARGEO,3
29004,0,0,Nordic Center,14.28,CARGEO,3
29004,6,35,Nordic Center,13.65,CARGEO,3
29004,2,54,Nordic Center,12.65,CARGEO,3
29004,0,0,Nordic Center,13.62,CARGEO,3
29004,4,24,Nordic Center,12.49,CARGEO,3
29003,0,0,Nordic Center,13.43,CARGEO,3
29003,5,19,Nordic Center,14.43,CARGEO,3
29003,1,20,Nordic Center,14.98,CARGEO,3
29003,3,18,Nordic Center,15.48,CARGEO,3
29003,0,0,Nordic Center,14.35,CARGEO,3
29004,4,52,Nordic Center,27.7,CARGEO,3
29004,3,40,Nordic Center,22.7,CARGEO,3
29004,0,0,Nordic Center,23.4,CARGEO,3
29004,1,21,Nordic Center,28.01,CARGEO,3
29004,0,0,Nordic Center,20.21,CARGEO,3
29003,2,29,Nordic Center,31.78,CARGEO,3
29003,1,26,Nordic Center,28.41,CARGEO,3
29003,2,41,Nordic Center,25.72,CARGEO,3
29003,1,16,Nordic Center,31.25,CARGEO,3
29003,5,23,Nordic Center,34.89,CARGEO,3
29004,13,19,Nordic Center,47.62,CARGEO,3
29004,20,30,Nordic Center,160.14,CARGEO,3
29004,16,32,Nordic Center,43.8,CARGEO,3
29003,20,92,Nordic Center,153.55,CARGEO,3
29003,4,31,Nordic Center,54.87,CARGEO,3
12000,0,0,Big Fill,1.681568483,ELYELY,3
12000,0,0,Big Fill,1.570449522,ELYELY,3
12000,0,0,Big Fill,1.576124634,ELYELY,3
12000,1,410,Big Fill,1.822674325,ELYELY,3
12000,0,0,Big Fill,1.504933195,ELYELY,3
12000,11,334,Big Fill,19.53493,ELYELY,3
12000,9,476,Big Fill,11.39401,ELYELY,3
12000,1,380,Big Fill,2.120850609,ELYELY,3
12000,1,305,Big Fill,6.524530868,ELYELY,3
12000,1,405,Big Fill,5.993424072,ELYELY,3
12000,1,425,Big Fill,12.27896187,ELYELY,3
12000,2,629,Big Fill,5.49713665,ELYELY,3
12000,1,685,Big Fill,4.153855135,ELYELY,3
30715,1,260,Big Fill,0.85,ELYELY,3
12000,20,396,Big Fill,24.79037,ELYELY,3
30715,15,415,Big Fill,2.69,ELYELY,3
30715,10,258,Big Fill,6.5,ELYELY,3
30715,6,274,Big Fill,5.5,ELYELY,3
30715,4,366,Big Fill,6.15,ELYELY,3
30715,5,446,Big Fill,6.25,ELYELY,3
30715,8,392,Big Fill,4.84,ELYELY,3
30715,17,332,Big Fill,8.3,ELYELY,3
12000,11,782,Big Fill,129.5402321,ELYELY,3
30715,4,360,Big Fill,13.34,ELYELY,3
30715,6,368,Big Fill,17.03,ELYELY,3
30715,5,392,Big Fill,11.36,ELYELY,3
30715,4,232,Big Fill,5.08,ELYELY,3
30715,8,375,Big Fill,7.79,ELYELY,3
30715,15,435,Big Fill,9.54,ELYELY,3
30715,10,443,Big Fill,6.09,ELYELY,3
30715,16,374,Big Fill,11.86,ELYELY,3
30715,18,346,Big Fill,23.92,ELYELY,3
30715,13,316,Big Fill,18.17,ELYELY,3
30715,46,466,Big Fill,17.09,ELYELY,3
2004-46,1,346,Black Springs,1.421121,ELYELY,3
2004-46,0,0,Black Springs,1.064573,ELYELY,3
2004-46,1,457,Black Springs,1.467155,ELYELY,3
2004-46,0,0,Black Springs,0.859054,ELYELY,3
2004-46,0,0,Black Springs,1.203324,ELYELY,3
2004-46,2,372,Black Springs,5.469816,ELYELY,3
2004-46,1,459,Black Springs,7.679,ELYELY,3
2004-46,1,446,Black Springs,15.26243,ELYELY,3
2004-46,3,460,Black Springs,12.71699,ELYELY,3
2004-46,1,452,Black Springs,8.861819,ELYELY,3
2004-46,1,441,Black Springs,13.08651,ELYELY,3
2004-46,1,434,Black Springs,8.221203,ELYELY,3
2004-46,1,560,Black Springs,3.593869,ELYELY,3
2004-46,1,359,Black Springs,4.452926,ELYELY,3
2004-46,1,400,Black Springs,3.148563,ELYELY,3
30742,5,562,Black Springs,35.00354,ELYELY,3
30742,2,492,Black Springs,14.22,ELYELY,3
30742,1,434,Black Springs,18.73,ELYELY,3
30743,3,588,Black Springs,20.95,ELYELY,3
30743,8,542,Black Springs,16.42,ELYELY,3
30743,6,480,Black Springs,17.77,ELYELY,3
30743,6,435,Black Springs,18.25,ELYELY,3
30743,5,486,Black Springs,17.46,ELYELY,3
30743,8,544,Black Springs,17.74,ELYELY,3
30743,7,456,Black Springs,19.21,ELYELY,3
30742,6,728,Black Springs,66.38213,ELYELY,3
30742,6,486,Black Springs,43.82,ELYELY,3
30742,4,440,Black Springs,32.82,ELYELY,3
30742,4,423,Black Springs,29.03,ELYELY,3
30742,5,486,Black Springs,27.73,ELYELY,3
30743,0,0,Black Springs,34.99,ELYELY,3
30743,12,344,Black Springs,39.97,ELYELY,3
30743,18,410,Black Springs,39.35,ELYELY,3
30743,7,521,Black Springs,24.98,ELYELY,3
30743,15,439,Black Springs,27.29,ELYELY,3
0,23,673,Black Springs,150.3522,ELYELY,3
30742,11,485,Black Springs,105.89,ELYELY,3
30743,17,492,Black Springs,82.64,ELYELY,3
30743,5,379,Black Springs,44.42,ELYELY,3
30743,5,382,Black Springs,76.78,ELYELY,3
30731,1,486,Fry Park,1.987429,ELYELY,3
30731,1,370,Fry Park,1.22419,ELYELY,3
30731,1,540,Fry Park,2.395233,ELYELY,3
30731,1,410,Fry Park,0.923188,ELYELY,3
30731,0,0,Fry Park,1.549545,ELYELY,3
30731,2,462,Fry Park,3.302889,ELYELY,3
30731,3,560,Fry Park,13.98533,ELYELY,3
30731,1,457,Fry Park,5.341226,ELYELY,3
30731,1,490,Fry Park,7.781658,ELYELY,3
30731,1,348,Fry Park,9.474499,ELYELY,3
30731,1,657,Fry Park,8.465559,ELYELY,3
30731,5,600,Fry Park,14.08734,ELYELY,3
30731,2,492,Fry Park,11.68415,ELYELY,3
30731,4,430,Fry Park,10.5636,ELYELY,3
30731,3,506,Fry Park,8.0734,ELYELY,3
30731,8,519,Fry Park,38.54077,ELYELY,3
30731,5,578,Fry Park,29.54814,ELYELY,3
30731,6,525,Fry Park,27.38422,ELYELY,3
30731,5,460,Fry Park,29.75601,ELYELY,3
30731,5,460,Fry Park,106.1631,ELYELY,3
30731,17,727,Fry Park,87.56358,ELYELY,3
30736,25,610,Fry Park,211.0076,ELYELY,3
30736,33,685,Fry Park,197.3407,ELYELY,3
30736,21,929,Fry Park,173.6989,ELYELY,3
30736,27,791,Fry Park,184.9577,ELYELY,3
30736,26,626,Fry Park,203.2967,ELYELY,3
21114,2,593,FVEF S1,1.4,ELYELY,3
21114,1,361,FVEF S1,0.75,ELYELY,3
21114,1,389,FVEF S1,0.82,ELYELY,3
21114,1,339,FVEF S1,1.99,ELYELY,3
21174,1,522,FVEF S1,1.15,ELYELY,3
21114,1,419,FVEF S1,2.86,ELYELY,3
21114,2,386,FVEF S1,4.06,ELYELY,3
21114,4,382,FVEF S1,6.74,ELYELY,3
21114,3,311,FVEF S1,3.1,ELYELY,3
21114,2,463,FVEF S1,5.52,ELYELY,3
21114,6,474,FVEF S1,5.39,ELYELY,3
21114,2,601,FVEF S1,5.64,ELYELY,3
21114,1,464,FVEF S1,4.81,ELYELY,3
21174,3,500,FVEF S1,3.26,ELYELY,3
21174,3,570,FVEF S1,6.65,ELYELY,3
21114,0,314,FVEF S1,12.05,ELYELY,3
21114,1,352,FVEF S1,11.58,ELYELY,3
21114,0,0,FVEF S1,11.15,ELYELY,3
21114,2,598,FVEF S1,8.71,ELYELY,3
21114,1,278,FVEF S1,11.29,ELYELY,3
21174,3,449,FVEF S1,12.14,ELYELY,3
21174,6,671,FVEF S1,13.85,ELYELY,3
21174,4,500,FVEF S1,11.67,ELYELY,3
21174,4,471,FVEF S1,12.85,ELYELY,3
21174,4,483,FVEF S1,9.01,ELYELY,3
21114,3,535,FVEF S1,22.31,ELYELY,3
21114,10,639,FVEF S1,22.59,ELYELY,3
21114,1,497,FVEF S1,18.26,ELYELY,3
21114,4,509,FVEF S1,18.35,ELYELY,3
21269,5,520,FVEF S1,22.56,ELYELY,3
21269,4,517,FVEF S1,19.69,ELYELY,3
21269,6,538,FVEF S1,26.93,ELYELY,3
21269,3,460,FVEF S1,16.53,ELYELY,3
21262,5,499,FVEF S1,18.85,ELYELY,3
21262,1,484,FVEF S1,20.08,ELYELY,3
21114,2,455,FVEF S1,32.37,ELYELY,3
21174,7,525,FVEF S1,35.18,ELYELY,3
21269,8,621,FVEF S1,43.97,ELYELY,3
21269,6,586,FVEF S1,38.42,ELYELY,3
21262,4,475,FVEF S1,30.89,ELYELY,3
22126,1,530,FVEF S2,1.566159,ELYELY,3
22126,1,445,FVEF S2,0.838241,ELYELY,3
22126,1,340,FVEF S2,1.185844,ELYELY,3
22126,1,374,FVEF S2,0.930844,ELYELY,3
22126,1,650,FVEF S2,0.711253,ELYELY,3
22126,2,293,FVEF S2,3.67343,ELYELY,3
22126,4,455,FVEF S2,5.042525,ELYELY,3
22126,4,371,FVEF S2,8.624496,ELYELY,3
22126,1,697,FVEF S2,3.108547,ELYELY,3
22126,1,473,FVEF S2,4.932799,ELYELY,3
22126,1,630,FVEF S2,2.661653,ELYELY,3
22126,1,509,FVEF S2,9.253377,ELYELY,3
22126,1,413,FVEF S2,6.468555,ELYELY,3
22126,2,483,FVEF S2,4.114229,ELYELY,3
22126,1,526,FVEF S2,2.523312,ELYELY,3
22126,2,623,FVEF S2,24.8493,ELYELY,3
22126,0,0,FVEF S2,15.77076,ELYELY,3
22126,3,547,FVEF S2,7.471353,ELYELY,3
22126,1,575,FVEF S2,21.69315,ELYELY,3
22156,6,537,FVEF S2,15.05615,ELYELY,3
22156,4,461,FVEF S2,11.04853,ELYELY,3
22156,2,444,FVEF S2,7.834245,ELYELY,3
22156,8,623,FVEF S2,17.07277,ELYELY,3
22156,6,475,FVEF S2,17.52,ELYELY,3
22156,5,505,FVEF S2,7.43,ELYELY,3
22126,3,478,FVEF S2,31.15315,ELYELY,3
22126,5,605,FVEF S2,33.00549,ELYELY,3
22126,3,542,FVEF S2,30.95064,ELYELY,3
22156,10,700,FVEF S2,39.62861,ELYELY,3
22156,6,554,FVEF S2,19.92,ELYELY,3
22156,1,480,FVEF S2,14.33,ELYELY,3
22156,6,582,FVEF S2,19.9,ELYELY,3
22156,0,0,FVEF S2,25.8,ELYELY,3
22156,6,615,FVEF S2,27.9,ELYELY,3
22156,1,571,FVEF S2,21.1,ELYELY,3
22126,3,547,FVEF S2,51.354,ELYELY,3
22126,9,473,FVEF S2,52.98122,ELYELY,3
22126,9,930,FVEF S2,98.09944,ELYELY,3
22126,7,502,FVEF S2,52.62512,ELYELY,3
22126,14,621,FVEF S2,114.7812,ELYELY,3
23155,1,489,FVEF S3,1.59,ELYELY,3
23155,1,425,FVEF S3,0.8,ELYELY,3
23155,0,0,FVEF S3,0.83,ELYELY,3
23159,1,445,FVEF S3,0.37,ELYELY,3
23159,1,402,FVEF S3,1.21,ELYELY,3
23155,2,541,FVEF S3,4.12,ELYELY,3
23155,0,0,FVEF S3,3.54,ELYELY,3
23159,1,491,FVEF S3,4.13,ELYELY,3
23159,1,379,FVEF S3,3.45,ELYELY,3
23159,1,576,FVEF S3,6.37,ELYELY,3
23159,1,416,FVEF S3,5.71,ELYELY,3
23159,3,458,FVEF S3,10.9,ELYELY,3
23159,1,416,FVEF S3,4.69,ELYELY,3
23159,0,0,FVEF S3,5.39,ELYELY,3
23155,1,447,FVEF S3,3.8,ELYELY,3
23155,3,342,FVEF S3,18.73,ELYELY,3
23155,1,506,FVEF S3,16.62,ELYELY,3
23155,1,465,FVEF S3,11.76,ELYELY,3
23159,2,389,FVEF S3,16.7,ELYELY,3
23159,3,689,FVEF S3,12.71,ELYELY,3
23155,2,501,FVEF S3,16.88,ELYELY,3
23155,0,0,FVEF S3,8.34,ELYELY,3
23155,3,577,FVEF S3,11.57,ELYELY,3
23159,2,457,FVEF S3,9.79,ELYELY,3
23159,1,406,FVEF S3,8.66,ELYELY,3
23155,8,672,FVEF S3,23.16,ELYELY,3
23155,2,585,FVEF S3,21.48,ELYELY,3
23159,5,435,FVEF S3,32.07,ELYELY,3
23159,6,490,FVEF S3,35.07,ELYELY,3
23155,7,654,FVEF S3,25.63,ELYELY,3
23155,5,599,FVEF S3,23.96,ELYELY,3
23155,6,510,FVEF S3,20.27,ELYELY,3
23159,5,495,FVEF S3,22.8,ELYELY,3
23159,4,483,FVEF S3,17.19,ELYELY,3
23159,5,492,FVEF S3,20.53,ELYELY,3
23155,16,666,FVEF S3,42.13,ELYELY,3
23159,9,678,FVEF S3,43.72,ELYELY,3
23155,13,704,FVEF S3,49.13,ELYELY,3
23155,10,681,FVEF S3,45.57,ELYELY,3
23159,7,655,FVEF S3,51.38,ELYELY,3
30703,3,495,Reese Tank,1.663661,ELYELY,3
30703,1,492,Reese Tank,0.509195,ELYELY,3
30703,2,515,Reese Tank,1.670039,ELYELY,3
30703,1,421,Reese Tank,0.569612,ELYELY,3
30703,1,415,Reese Tank,0.707391,ELYELY,3
30703,6,653,Reese Tank,9.638262,ELYELY,3
30703,4,525,Reese Tank,4.684254,ELYELY,3
30703,4,413,Reese Tank,7.502188,ELYELY,3
30703,2,542,Reese Tank,5.780423,ELYELY,3
30703,1,410,Reese Tank,6.946923,ELYELY,3
30703,1,552,Reese Tank,2.60769,ELYELY,3
30703,2,395,Reese Tank,5.093732,ELYELY,3
30703,4,440,Reese Tank,6.30118,ELYELY,3
30703,3,553,Reese Tank,4.211527,ELYELY,3
30703,3,560,Reese Tank,11.51397,ELYELY,3
30703,1,540,Reese Tank,10.42725,ELYELY,3
30703,3,582,Reese Tank,18.87821,ELYELY,3
30703,4,495,Reese Tank,18.94304,ELYELY,3
30704,5,442,Reese Tank,22.11,ELYELY,3
30704,7,460,Reese Tank,18.39,ELYELY,3
30704,2,581,Reese Tank,7.21,ELYELY,3
30704,3,585,Reese Tank,12.5,ELYELY,3
30704,7,549,Reese Tank,15.11,ELYELY,3
30704,6,300,Reese Tank,9.49,ELYELY,3
30703,6,682,Reese Tank,54.29957,ELYELY,3
30703,5,497,Reese Tank,30.8618,ELYELY,3
30703,9,555,Reese Tank,54.91,ELYELY,3
30703,6,450,Reese Tank,61.76,ELYELY,3
30703,5,525,Reese Tank,19.69,ELYELY,3
30703,3,430,Reese Tank,16,ELYELY,3
30703,7,544,Reese Tank,40.93,ELYELY,3
30703,0,0,Reese Tank,31.09,ELYELY,3
30703,4,571,Reese Tank,34.49,ELYELY,3
30703,5,560,Reese Tank,26.2,ELYELY,3
30703,18,800,Reese Tank,156.1601,ELYELY,3
30703,10,530,Reese Tank,159.2884,ELYELY,3
30703,14,570,Reese Tank,206.84,ELYELY,3
30725,0,0,Rogers Lake,1.324819,ELYELY,3
30730,1,511,Rogers Lake,0.39,ELYELY,3
30730,1,540,Rogers Lake,0.8,ELYELY,3
30730,1,403,Rogers Lake,0.55,ELYELY,3
30730,1,519,Rogers Lake,0.9,ELYELY,3
30725,1,476,Rogers Lake,5.699091,ELYELY,3
30725,2,546,Rogers Lake,10.44225,ELYELY,3
30725,1,562,Rogers Lake,5.922648,ELYELY,3
30725,2,570,Rogers Lake,8.236666,ELYELY,3
30725,1,516,Rogers Lake,7.579276,ELYELY,3
30725,4,631,Rogers Lake,9.607532,ELYELY,3
30725,1,569,Rogers Lake,3.608329,ELYELY,3
30730,3,521,Rogers Lake,3.94,ELYELY,3
30730,2,334,Rogers Lake,2.72,ELYELY,3
30730,2,444,Rogers Lake,2.02,ELYELY,3
30725,4,475,Rogers Lake,19.56441,ELYELY,3
30725,5,667,Rogers Lake,24.1646,ELYELY,3
30725,7,595,Rogers Lake,22.99305,ELYELY,3
30730,7,642,Rogers Lake,10.86,ELYELY,3
30730,3,560,Rogers Lake,11.52,ELYELY,3
30730,2,503,Rogers Lake,22.57,ELYELY,3
30730,4,609,Rogers Lake,17.92,ELYELY,3
30730,6,519,Rogers Lake,11.81,ELYELY,3
30730,5,510,Rogers Lake,15.6,ELYELY,3
30730,2,558,Rogers Lake,10.31,ELYELY,3
30729,7,582,Rogers Lake,73.3,ELYELY,3
30729,1,364,Rogers Lake,76.74,ELYELY,3
30729,2,432,Rogers Lake,55.47,ELYELY,3
30729,5,535,Rogers Lake,32.46,ELYELY,3
30730,5,460,Rogers Lake,38.09,ELYELY,3
30730,8,469,Rogers Lake,47.46,ELYELY,3
30730,4,507,Rogers Lake,43.98,ELYELY,3
30730,4,577,Rogers Lake,69.88,ELYELY,3
30730,3,475,Rogers Lake,44.26,ELYELY,3
30730,5,580,Rogers Lake,43.11,ELYELY,3
30729,14,425,Rogers Lake,142.67,ELYELY,3
30730,5,520,Rogers Lake,93.75,ELYELY,3
30730,3,530,Rogers Lake,95.35,ELYELY,3
26370,14,554,Rogers Lake,131.53,ELYELY,3
26370,8,510,Rogers Lake,121.87,ELYELY,3
105,0,0,Government Knolls,0.86,ELYELY,3
105,0,0,Government Knolls,0.94,ELYELY,3
105,0,0,Government Knolls,1.57,ELYELY,3
105,0,0,Government Knolls,0.22,ELYELY,3
105,0,0,Government Knolls,1.18,ELYELY,3
105,1,430,Government Knolls,4.08,ELYELY,3
105,0,0,Government Knolls,2.82,ELYELY,3
105,1,504,Government Knolls,0.22,ELYELY,3
105,0,0,Government Knolls,5.48,ELYELY,3
105,0,0,Government Knolls,3.59,ELYELY,3
105,2,442,Government Knolls,2.66,ELYELY,3
105,1,512,Government Knolls,1.08,ELYELY,3
105,1,410,Government Knolls,2.75,ELYELY,3
105,2,600,Government Knolls,3.92,ELYELY,3
105,0,0,Government Knolls,3.12,ELYELY,3
105,2,570,Government Knolls,9.74,ELYELY,3
105,1,433,Government Knolls,7.19,ELYELY,3
105,1,470,Government Knolls,7.25,ELYELY,3
105,0,0,Government Knolls,6.28,ELYELY,3
105,2,532,Government Knolls,7.74,ELYELY,3
105,0,0,Government Knolls,10.47,ELYELY,3
105,2,567,Government Knolls,7.27,ELYELY,3
105,0,0,Government Knolls,14.57,ELYELY,3
105,2,470,Government Knolls,0.95,ELYELY,3
105,1,509,Government Knolls,7.01,ELYELY,3
105,1,440,Government Knolls,22.38,ELYELY,3
105,2,500,Government Knolls,10.89,ELYELY,3
105,1,560,Government Knolls,19.61,ELYELY,3
105,2,532,Government Knolls,23.04,ELYELY,3
105,1,502,Government Knolls,13.41,ELYELY,3
105,6,593,Government Knolls,23.95,ELYELY,3
105,1,540,Government Knolls,13.31,ELYELY,3
105,2,531,Government Knolls,21.1,ELYELY,3
105,4,563,Government Knolls,24.75,ELYELY,3
105,3,543,Government Knolls,17.27,ELYELY,3
105,0,0,Government Knolls,106.17,ELYELY,3
105,3,740,Government Knolls,41.08,ELYELY,3
105,7,620,Government Knolls,52.75,ELYELY,3
105,4,560,Government Knolls,33.25,ELYELY,3
105,6,690,Government Knolls,70.53,ELYELY,3
109,1,530,Kendrick Panel,1.174167,ELYELY,3
109,0,0,Kendrick Panel,1.044441,ELYELY,3
109,0,0,Kendrick Panel,0.961084,ELYELY,3
109,0,0,Kendrick Panel,1.183325,ELYELY,3
109,0,0,Kendrick Panel,0.919366,ELYELY,3
110,3,565,Kendrick Panel,7.735566,ELYELY,3
110,2,542,Kendrick Panel,5.435361,ELYELY,3
109,3,670,Kendrick Panel,17.49759,ELYELY,3
109,1,574,Kendrick Panel,4.519124,ELYELY,3
109,2,698,Kendrick Panel,10.20649,ELYELY,3
109,3,765,Kendrick Panel,13.37249,ELYELY,3
109,1,308,Kendrick Panel,4.699628,ELYELY,3
109,1,649,Kendrick Panel,7.592842,ELYELY,3
109,2,634,Kendrick Panel,8.413861,ELYELY,3
109,2,640,Kendrick Panel,5.792557,ELYELY,3
108,5,771,Kendrick Panel,30.40459,ELYELY,3
108,4,630,Kendrick Panel,24.04376,ELYELY,3
107,5,717,Kendrick Panel,182.6092,ELYELY,3
107,7,662,Kendrick Panel,301.1622,ELYELY,3
107,6,830,Kendrick Panel,310.9074,ELYELY,3
107,6,652,Kendrick Panel,206.4145,ELYELY,3
107,5,680,Kendrick Panel,230.7423,ELYELY,3
107,8,686,Kendrick Panel,202.1534,ELYELY,3
108,8,510,Kendrick Panel,13.75,ELYELY,3
108,10,633,Kendrick Panel,10.92,ELYELY,3
108,7,752,Kendrick Panel,26.53,ELYELY,3
108,6,652,Kendrick Panel,20.28,ELYELY,3
109,8,600,Kendrick Panel,22.68,ELYELY,3
109,5,588,Kendrick Panel,41.63,ELYELY,3
109,2,620,Kendrick Panel,31.45,ELYELY,3
109,4,592,Kendrick Panel,33.29,ELYELY,3
109,6,602,Kendrick Panel,21.76,ELYELY,3
109,7,627,Kendrick Panel,35.28,ELYELY,3
109,10,663,Kendrick Panel,31.63,ELYELY,3
109,3,602,Kendrick Panel,31.91,ELYELY,3
108,12,894,Kendrick Panel,63.07,ELYELY,3
109,13,720,Kendrick Panel,82.52,ELYELY,3
120,0,0,SI panel,1.31,ELYELY,3
120,0,0,SI panel,1.09,ELYELY,3
120,0,0,SI panel,0.33,ELYELY,3
120,0,0,SI panel,0.2,ELYELY,3
120,0,0,SI panel,1.33,ELYELY,3
120,2,522,SI panel,5.02,ELYELY,3
120,1,344,SI panel,2.12,ELYELY,3
120,0,0,SI panel,3.39,ELYELY,3
120,0,0,SI panel,2.51,ELYELY,3
120,1,502,SI panel,2.95,ELYELY,3
120,1,394,SI panel,6.76,ELYELY,3
120,0,0,SI panel,3.47,ELYELY,3
120,0,0,SI panel,3.84,ELYELY,3
120,1,421,SI panel,3.74,ELYELY,3
120,1,540,SI panel,0.51,ELYELY,3
120,1,330,SI panel,7.32,ELYELY,3
120,0,0,SI panel,10.34,ELYELY,3
120,1,456,SI panel,14.75,ELYELY,3
120,0,0,SI panel,16.11,ELYELY,3
120,2,565,SI panel,15.47,ELYELY,3
120,1,309,SI panel,8.69,ELYELY,3
120,1,403,SI panel,19.44,ELYELY,3
120,3,526,SI panel,11.98,ELYELY,3
120,2,400,SI panel,24.91,ELYELY,3
120,8,601,SI panel,7.08,ELYELY,3
120,5,629,SI panel,19.51,ELYELY,3
120,6,532,SI panel,2.98,ELYELY,3
120,7,700,SI panel,44.71,ELYELY,3
120,12,650,SI panel,32.24,ELYELY,3
120,10,573,SI panel,74.92,ELYELY,3
120,9,640,SI panel,97.66,ELYELY,3
120,5,565,SI panel,50.06,ELYELY,3
120,7,526,SI panel,30.26,ELYELY,3
120,8,556,SI panel,7.37,ELYELY,3
120,16,580,SI panel,110.46,ELYELY,3
120,19,695,SI panel,196.52,ELYELY,3
120,52,700,SI panel,350.68,ELYELY,3
120,26,540,SI panel,191.69,ELYELY,3
119,1,429,Wild Bill panel,0.84,ELYELY,3
119,1,440,Wild Bill panel,0.76,ELYELY,3
119,1,434,Wild Bill panel,2.57,ELYELY,3
119,1,512,Wild Bill panel,1.96,ELYELY,3
119,1,312,Wild Bill panel,10.87,ELYELY,3
119,2,425,Wild Bill panel,7.65,ELYELY,3
119,2,467,Wild Bill panel,3.81,ELYELY,3
119,4,375,Wild Bill panel,4.16,ELYELY,3
119,2,473,Wild Bill panel,17.49,ELYELY,3
119,3,570,Wild Bill panel,9.85,ELYELY,3
119,3,609,Wild Bill panel,36,ELYELY,3
119,21,552,Wild Bill panel,98.03,ELYELY,3
12000,11,853,Big Fill,19.5151,FESARI,5
12000,2,760,Big Fill,7.318773,FESARI,5
12000,0,0,Big Fill,3.719887,FESARI,5
12000,0,0,Big Fill,10.26141,FESARI,5
30714,4,426,Big Fill,4.606548,FESARI,5
12000,24,720,Big Fill,56.50483,FESARI,5
12000,6,690,Big Fill,37.32287,FESARI,5
12000,9,822,Big Fill,60.04915,FESARI,5
12000,34,692,Big Fill,35.11108,FESARI,5
12000,29,695,Big Fill,43.97005,FESARI,5
30714,9,759,Big Fill,58.89452,FESARI,5
30714,26,847,Big Fill,61.98274,FESARI,5
30714,18,800,Big Fill,35.48767,FESARI,5
30714,21,873,Big Fill,72.81733,FESARI,5
30714,22,780,Big Fill,33.65282,FESARI,5
30714,10,781,Big Fill,25.07332,FESARI,5
12000,45,812,Big Fill,101.4212,FESARI,5
12000,30,690,Big Fill,103.2058,FESARI,5
12000,43,900,Big Fill,168.6167,FESARI,5
30714,24,844,Big Fill,194.4341,FESARI,5
30715,44,856,Big Fill,142.8686,FESARI,5
30715,39,683,Big Fill,136.9631,FESARI,5
30715,54,856,Big Fill,92.34521,FESARI,5
30715,29,832,Big Fill,140.0415,FESARI,5
30715,44,640,Big Fill,146.9545,FESARI,5
30715,43,684,Big Fill,132.8587,FESARI,5
12000,40,985,Big Fill,203.913,FESARI,5
30714,54,932,Big Fill,221.6235,FESARI,5
30715,184,705,Big Fill,232.9806,FESARI,5
2004-19,38,636,Big Fill,224.43,FESARI,5
2004-19,31,837,Big Fill,222.47,FESARI,5
2004-19,52,854,Big Fill,248.81,FESARI,5
2004-19,33,821,Big Fill,293,FESARI,5
2004-19,16,785,Big Fill,220.47,FESARI,5
2004-19,53,714,Big Fill,283.63,FESARI,5
2004-19,44,803,Big Fill,246.43,FESARI,5
30715,91,871,Big Fill,414.1574,FESARI,5
30715,58,866,Big Fill,388.6707,FESARI,5
2004-19,32,958,Big Fill,544.73,FESARI,5
2004-19,9,796,Big Fill,437.63,FESARI,5
2004-19,45,774,Big Fill,359.41,FESARI,5
30744,0,0,Black Springs,1.87,FESARI,5
30744,0,0,Black Springs,0.9,FESARI,5
30744,0,0,Black Springs,4.03,FESARI,5
30744,0,0,Black Springs,1.67,FESARI,5
30744,0,0,Black Springs,0.44,FESARI,5
30744,0,0,Black Springs,14.34,FESARI,5
30744,0,0,Black Springs,7.76,FESARI,5
30744,1,576,Black Springs,4.11,FESARI,5
26345,0,0,Black Springs,7.25,FESARI,5
26345,0,0,Black Springs,4.56,FESARI,5
26345,2,446,Black Springs,4.42,FESARI,5
30746,0,0,Black Springs,15.31,FESARI,5
30746,0,0,Black Springs,15.68,FESARI,5
30746,0,0,Black Springs,16.83,FESARI,5
30746,0,0,Black Springs,14.66,FESARI,5
30744,6,506,Black Springs,65.93,FESARI,5
30744,4,609,Black Springs,49.12,FESARI,5
26345,6,632,Black Springs,29.87,FESARI,5
30746,1,545,Black Springs,37.99,FESARI,5
30746,0,0,Black Springs,36.29,FESARI,5
30746,1,654,Black Springs,48.56,FESARI,5
30746,0,0,Black Springs,26.69,FESARI,5
30746,1,446,Black Springs,32.01,FESARI,5
30746,2,756,Black Springs,36.51,FESARI,5
30746,1,455,Black Springs,42.16,FESARI,5
26345,0,0,Black Springs,139.41,FESARI,5
30746,1,589,Black Springs,67.65,FESARI,5
30746,0,0,Black Springs,96.22,FESARI,5
30746,0,0,Black Springs,76.22,FESARI,5
30746,1,360,Black Springs,101.67,FESARI,5
30746,0,0,Black Springs,71.33,FESARI,5
30746,0,0,Black Springs,52.94,FESARI,5
30746,3,583,Black Springs,76.71,FESARI,5
30746,1,524,Black Springs,90.08,FESARI,5
30746,1,674,Black Springs,143.86,FESARI,5
30746,0,0,Black Springs,236.18,FESARI,5
30746,9,750,Black Springs,264.08,FESARI,5
30746,0,0,Black Springs,348.86,FESARI,5
30746,3,790,Black Springs,289.18,FESARI,5
30746,5,710,Black Springs,500.77,FESARI,5
30731,0,0,Fry Park,0.54,FESARI,5
30731,2,554,Fry Park,1.04,FESARI,5
30731,1,428,Fry Park,0.51,FESARI,5
30731,2,276,Fry Park,1.89,FESARI,5
30731,1,418,Fry Park,0.41,FESARI,5
30731,1,453,Fry Park,6.93,FESARI,5
30731,6,477,Fry Park,12.69,FESARI,5
30731,2,570,Fry Park,10.4,FESARI,5
30731,4,535,Fry Park,8.48,FESARI,5
30731,3,588,Fry Park,6.2,FESARI,5
30731,1,581,Fry Park,7.27,FESARI,5
30731,1,525,Fry Park,8.52,FESARI,5
30731,0,0,Fry Park,9.85,FESARI,5
30731,3,740,Fry Park,6.72,FESARI,5
30731,3,422,Fry Park,9.93,FESARI,5
30731,3,451,Fry Park,18.52,FESARI,5
30731,5,444,Fry Park,17.88,FESARI,5
30731,6,557,Fry Park,27.76,FESARI,5
30731,6,610,Fry Park,24.42,FESARI,5
30731,12,672,Fry Park,20.29,FESARI,5
30731,4,589,Fry Park,28.47,FESARI,5
30731,0,0,Fry Park,22.12,FESARI,5
30731,2,576,Fry Park,22.31,FESARI,5
30731,5,520,Fry Park,29.57,FESARI,5
30731,3,633,Fry Park,23.71,FESARI,5
30731,23,591,Fry Park,269.4,FESARI,5
30731,18,692,Fry Park,248.86,FESARI,5
30731,19,800,Fry Park,267.55,FESARI,5
30731,11,690,Fry Park,232.45,FESARI,5
30731,23,561,Fry Park,254.37,FESARI,5
30731,25,644,Fry Park,227.74,FESARI,5
30731,4,480,Fry Park,271.79,FESARI,5
30731,9,573,Fry Park,248.72,FESARI,5
30731,26,548,Fry Park,246.25,FESARI,5
30731,76,685,Fry Park,421.94,FESARI,5
30731,51,563,Fry Park,444.57,FESARI,5
30731,14,480,Fry Park,451.82,FESARI,5
30731,37,681,Fry Park,471.43,FESARI,5
30731,23,763,Fry Park,496.51,FESARI,5
22126,0,0,Fort Valley,3.02,FESARI,5
22126,0,0,Fort Valley,1.37,FESARI,5
22126,0,0,Fort Valley,1.74,FESARI,5
22126,0,0,Fort Valley,1.14,FESARI,5
22126,0,0,Fort Valley,3.21,FESARI,5
22126,0,0,Fort Valley,8.88,FESARI,5
22126,0,0,Fort Valley,15.13,FESARI,5
22126,0,0,Fort Valley,9.47,FESARI,5
22126,0,0,Fort Valley,11.79,FESARI,5
22126,0,0,Fort Valley,22.7,FESARI,5
22126,0,0,Fort Valley,16.16,FESARI,5
22126,0,0,Fort Valley,17.75,FESARI,5
22126,0,0,Fort Valley,10.49,FESARI,5
22126,1,665,Fort Valley,15.72,FESARI,5
22126,0,0,Fort Valley,15.53,FESARI,5
22126,0,0,Fort Valley,49.64,FESARI,5
22126,1,565,Fort Valley,28.47,FESARI,5
22126,0,0,Fort Valley,36.06,FESARI,5
22126,0,0,Fort Valley,40.92,FESARI,5
22126,0,0,Fort Valley,26.57,FESARI,5
22126,0,0,Fort Valley,44.53,FESARI,5
22126,0,0,Fort Valley,31.82,FESARI,5
22126,0,0,Fort Valley,34.71,FESARI,5
22126,0,0,Fort Valley,39.93,FESARI,5
22126,0,0,Fort Valley,42.92,FESARI,5
22126,0,0,Fort Valley,68.37,FESARI,5
22126,0,0,Fort Valley,63.19,FESARI,5
22126,0,0,Fort Valley,86.4,FESARI,5
22126,0,0,Fort Valley,112.03,FESARI,5
22126,0,0,Fort Valley,51.73,FESARI,5
22126,0,0,Fort Valley,90.15,FESARI,5
22126,0,0,Fort Valley,81.06,FESARI,5
22126,0,0,Fort Valley,93.94,FESARI,5
22126,0,0,Fort Valley,63.32,FESARI,5
22126,1,940,Fort Valley,59.21,FESARI,5
22126,0,0,Fort Valley,452.4,FESARI,5
22126,10,800,Fort Valley,647.33,FESARI,5
22126,0,0,Fort Valley,911.8,FESARI,5
22126,0,0,Fort Valley,305.24,FESARI,5
22126,4,770,Fort Valley,875.06,FESARI,5
23155,0,0,Fort Valley,2.22,FESARI,5
23155,0,0,Fort Valley,2.27,FESARI,5
23155,0,0,Fort Valley,4.09,FESARI,5
23155,0,0,Fort Valley,1.73,FESARI,5
23155,0,0,Fort Valley,2.21,FESARI,5
23155,0,0,Fort Valley,8.01,FESARI,5
23155,0,0,Fort Valley,8.19,FESARI,5
23155,0,0,Fort Valley,9.88,FESARI,5
23155,0,0,Fort Valley,7.5,FESARI,5
23155,0,0,Fort Valley,9.75,FESARI,5
23155,0,0,Fort Valley,6.86,FESARI,5
23155,0,0,Fort Valley,7.44,FESARI,5
23155,0,0,Fort Valley,7.9,FESARI,5
23155,0,0,Fort Valley,7.29,FESARI,5
23155,0,0,Fort Valley,6.15,FESARI,5
23155,0,0,Fort Valley,25.75,FESARI,5
23155,0,0,Fort Valley,22.04,FESARI,5
23155,0,0,Fort Valley,27.55,FESARI,5
23155,0,0,Fort Valley,24.23,FESARI,5
23155,1,712,Fort Valley,22.83,FESARI,5
23155,1,721,Fort Valley,20.27,FESARI,5
23155,0,0,Fort Valley,20.9,FESARI,5
23155,0,0,Fort Valley,30.89,FESARI,5
23155,0,0,Fort Valley,29,FESARI,5
23155,0,0,Fort Valley,25.31,FESARI,5
23155,5,463,Fort Valley,242.45,FESARI,5
23155,3,605,Fort Valley,183.49,FESARI,5
23155,0,0,Fort Valley,129.38,FESARI,5
23155,4,671,Fort Valley,198.03,FESARI,5
23155,0,0,Fort Valley,159.42,FESARI,5
23155,0,0,Fort Valley,91.21,FESARI,5
23155,0,0,Fort Valley,98.09,FESARI,5
23155,0,0,Fort Valley,114.16,FESARI,5
23155,0,0,Fort Valley,115.2,FESARI,5
23155,0,0,Fort Valley,210.55,FESARI,5
23155,4,592,Fort Valley,419.92,FESARI,5
23155,2,742,Fort Valley,549.46,FESARI,5
23155,7,735,Fort Valley,368.55,FESARI,5
23155,40,1041,Fort Valley,303.04,FESARI,5
23155,15,822,Fort Valley,397.07,FESARI,5
30709,1,835,Reese Tank,3.673467,FESARI,5
30709,3,781,Reese Tank,12.57516,FESARI,5
30709,0,0,Reese Tank,1.66,FESARI,5
30709,1,659,Reese Tank,2.21,FESARI,5
30709,2,702,Reese Tank,2.71,FESARI,5
30709,4,721,Reese Tank,84.29995,FESARI,5
30709,2,687,Reese Tank,8.22,FESARI,5
30709,2,755,Reese Tank,12.67,FESARI,5
30709,3,810,Reese Tank,18.4,FESARI,5
30709,2,694,Reese Tank,16.57,FESARI,5
30709,4,622,Reese Tank,6.07,FESARI,5
30709,6,744,Reese Tank,10.41,FESARI,5
30709,2,720,Reese Tank,7.69,FESARI,5
30709,1,692,Reese Tank,5.45,FESARI,5
30702,1,665,Reese Tank,21.29,FESARI,5
30709,12,650,Reese Tank,139.5163,FESARI,5
30709,10,652,Reese Tank,16.29,FESARI,5
30709,9,709,Reese Tank,28.51,FESARI,5
30709,2,723,Reese Tank,38,FESARI,5
30709,8,806,Reese Tank,31.02,FESARI,5
30709,8,720,Reese Tank,23.81,FESARI,5
30709,7,730,Reese Tank,30.01,FESARI,5
30709,11,794,Reese Tank,32.46,FESARI,5
30702,14,682,Reese Tank,30.16,FESARI,5
30702,4,612,Reese Tank,94.56,FESARI,5
30709,14,845,Reese Tank,213.473,FESARI,5
30709,21,761,Reese Tank,203.811,FESARI,5
30709,19,721,Reese Tank,117.8,FESARI,5
30709,17,698,Reese Tank,114.09,FESARI,5
30702,12,756,Reese Tank,284.64,FESARI,5
30709,45,889,Reese Tank,229.2399,FESARI,5
30729,0,0,Rogers Lake,2.5,FESARI,5
30729,0,0,Rogers Lake,2.34,FESARI,5
30729,0,0,Rogers Lake,2.01,FESARI,5
30729,0,0,Rogers Lake,1.88,FESARI,5
30729,0,0,Rogers Lake,1.16,FESARI,5
30729,0,0,Rogers Lake,19.93,FESARI,5
30729,0,0,Rogers Lake,13.31,FESARI,5
30729,0,0,Rogers Lake,1.83,FESARI,5
30729,0,0,Rogers Lake,7.95,FESARI,5
30729,0,0,Rogers Lake,9.05,FESARI,5
30729,0,0,Rogers Lake,9.65,FESARI,5
30729,0,0,Rogers Lake,8.85,FESARI,5
30729,0,0,Rogers Lake,10.84,FESARI,5
30729,0,0,Rogers Lake,10.85,FESARI,5
30729,0,0,Rogers Lake,8.39,FESARI,5
30729,0,0,Rogers Lake,57.03,FESARI,5
30729,0,0,Rogers Lake,36.49,FESARI,5
30729,2,665,Rogers Lake,32.74,FESARI,5
30729,5,510,Rogers Lake,50.56,FESARI,5
30729,0,0,Rogers Lake,46.59,FESARI,5
30729,0,0,Rogers Lake,40.89,FESARI,5
30729,0,0,Rogers Lake,22.19,FESARI,5
30729,0,0,Rogers Lake,28.33,FESARI,5
30729,0,0,Rogers Lake,18.16,FESARI,5
30729,0,0,Rogers Lake,29.14,FESARI,5
30729,4,671,Rogers Lake,90.44,FESARI,5
30729,3,572,Rogers Lake,221.2,FESARI,5
30729,8,510,Rogers Lake,182.65,FESARI,5
30729,6,382,Rogers Lake,217.37,FESARI,5
30729,10,625,Rogers Lake,240.11,FESARI,5
30729,1,280,Rogers Lake,162.82,FESARI,5
30729,3,490,Rogers Lake,191.23,FESARI,5
30729,2,580,Rogers Lake,202.11,FESARI,5
30729,1,470,Rogers Lake,202.76,FESARI,5
30729,8,610,Rogers Lake,256.93,FESARI,5
30729,14,655,Rogers Lake,426.27,FESARI,5
30729,1,372,Rogers Lake,315.16,FESARI,5
30729,4,550,Rogers Lake,364.77,FESARI,5
30729,0,0,Rogers Lake,345.12,FESARI,5
30729,0,0,Rogers Lake,337.24,FESARI,5
101,0,0,Gov. Knoles,2.49,FESARI,5
101,0,0,Gov. Knoles,1.99,FESARI,5
101,0,0,Gov. Knoles,2.02,FESARI,5
101,0,0,Gov. Knoles,3.77,FESARI,5
101,0,0,Gov. Knoles,2.47,FESARI,5
101,0,0,Gov. Knoles,7.45,FESARI,5
101,0,0,Gov. Knoles,5.96,FESARI,5
101,0,0,Gov. Knoles,7.61,FESARI,5
101,0,0,Gov. Knoles,1.19,FESARI,5
101,0,0,Gov. Knoles,5.55,FESARI,5
101,0,0,Gov. Knoles,8.89,FESARI,5
101,0,0,Gov. Knoles,5.92,FESARI,5
101,0,0,Gov. Knoles,2.81,FESARI,5
101,0,0,Gov. Knoles,3.82,FESARI,5
101,0,0,Gov. Knoles,6.73,FESARI,5
101,0,0,Gov. Knoles,16.47,FESARI,5
101,0,0,Gov. Knoles,15.9,FESARI,5
101,0,0,Gov. Knoles,20.62,FESARI,5
101,1,562,Gov. Knoles,15.95,FESARI,5
101,2,513,Gov. Knoles,14.97,FESARI,5
101,0,0,Gov. Knoles,13.38,FESARI,5
101,0,0,Gov. Knoles,17.6,FESARI,5
101,0,0,Gov. Knoles,27.43,FESARI,5
101,0,0,Gov. Knoles,23.91,FESARI,5
101,0,0,Gov. Knoles,16.62,FESARI,5
101,17,662,Gov. Knoles,214.03,FESARI,5
101,1,591,Gov. Knoles,129.91,FESARI,5
101,0,0,Gov. Knoles,231.04,FESARI,5
101,1,508,Gov. Knoles,172.26,FESARI,5
101,0,0,Gov. Knoles,129.43,FESARI,5
101,0,0,Gov. Knoles,NA,FESARI,5
101,1,481,Gov. Knoles,205.49,FESARI,5
101,1,772,Gov. Knoles,185.38,FESARI,5
101,2,710,Gov. Knoles,180.98,FESARI,5
101,4,792,Gov. Knoles,157.04,FESARI,5
101,4,773,Gov. Knoles,563.31,FESARI,5
101,4,765,Gov. Knoles,431.94,FESARI,5
101,2,660,Gov. Knoles,338.33,FESARI,5
101,0,0,Gov. Knoles,288.89,FESARI,5
101,3,612,Gov. Knoles,448.51,FESARI,5
108,1,692,Kendrick Park,0.34,FESARI,5
108,0,0,Kendrick Park,0.78,FESARI,5
108,0,0,Kendrick Park,1.04,FESARI,5
108,1,664,Kendrick Park,0.46,FESARI,5
108,0,0,Kendrick Park,0.37,FESARI,5
108,2,595,Kendrick Park,2.45,FESARI,5
108,1,550,Kendrick Park,2.44,FESARI,5
108,2,582,Kendrick Park,2.76,FESARI,5
108,4,502,Kendrick Park,2.23,FESARI,5
109,2,610,Kendrick Park,3.14,FESARI,5
109,0,0,Kendrick Park,4.14,FESARI,5
109,1,560,Kendrick Park,4.67,FESARI,5
109,0,0,Kendrick Park,3.46,FESARI,5
109,1,605,Kendrick Park,2.82,FESARI,5
109,1,632,Kendrick Park,2.35,FESARI,5
108,1,596,Kendrick Park,9.31,FESARI,5
108,3,588,Kendrick Park,6.83,FESARI,5
108,2,524,Kendrick Park,8.5,FESARI,5
108,0,0,Kendrick Park,6.74,FESARI,5
108,2,484,Kendrick Park,7.41,FESARI,5
108,3,322,Kendrick Park,9.83,FESARI,5
109,4,517,Kendrick Park,7.27,FESARI,5
109,2,602,Kendrick Park,5.25,FESARI,5
107,1,634,Kendrick Park,10.23,FESARI,5
107,3,596,Kendrick Park,8.83,FESARI,5
108,4,580,Kendrick Park,14.8,FESARI,5
108,5,525,Kendrick Park,22.05,FESARI,5
108,7,620,Kendrick Park,18.54,FESARI,5
108,10,730,Kendrick Park,28.03,FESARI,5
108,6,644,Kendrick Park,21.99,FESARI,5
108,8,590,Kendrick Park,32.42,FESARI,5
109,3,564,Kendrick Park,38.99,FESARI,5
109,10,522,Kendrick Park,41.03,FESARI,5
109,11,702,Kendrick Park,33.32,FESARI,5
109,5,688,Kendrick Park,47.95,FESARI,5
109,27,736,Kendrick Park,91.11,FESARI,5
120,1,595,SI panel,1.4,FESARI,5
120,0,0,SI panel,2.67,FESARI,5
120,0,0,SI panel,1.22,FESARI,5
120,0,0,SI panel,3.57,FESARI,5
120,0,0,SI panel,2.07,FESARI,5
120,0,0,SI panel,11.62,FESARI,5
120,0,0,SI panel,12.84,FESARI,5
120,0,0,SI panel,17.6,FESARI,5
120,0,0,SI panel,8.25,FESARI,5
120,0,0,SI panel,10.15,FESARI,5
120,0,0,SI panel,10.07,FESARI,5
120,1,544,SI panel,6.34,FESARI,5
120,0,0,SI panel,7.39,FESARI,5
120,0,0,SI panel,8.21,FESARI,5
120,0,0,SI panel,6.67,FESARI,5
120,0,0,SI panel,25.17,FESARI,5
120,0,0,SI panel,29.82,FESARI,5
120,1,440,SI panel,31.34,FESARI,5
120,0,0,SI panel,34.9,FESARI,5
120,0,0,SI panel,38.98,FESARI,5
120,2,520,SI panel,32.97,FESARI,5
120,0,0,SI panel,36.83,FESARI,5
120,1,473,SI panel,38.96,FESARI,5
120,0,0,SI panel,23.75,FESARI,5
120,0,0,SI panel,49.7,FESARI,5
120,2,420,SI panel,146.53,FESARI,5
120,3,683,SI panel,83.27,FESARI,5
120,0,0,SI panel,59.01,FESARI,5
120,0,0,SI panel,62.78,FESARI,5
120,0,0,SI panel,70.63,FESARI,5
120,1,527,SI panel,52.92,FESARI,5
120,2,652,SI panel,69.94,FESARI,5
120,0,0,SI panel,81.32,FESARI,5
120,0,0,SI panel,58.46,FESARI,5
120,0,0,SI panel,68.47,FESARI,5
120,1,695,SI panel,194.77,FESARI,5
120,0,0,SI panel,425.39,FESARI,5
120,1,630,SI panel,334.78,FESARI,5
120,0,0,SI panel,307.46,FESARI,5
120,5,689,SI panel,510.83,FESARI,5
30713,1,430,Big Fill,0.5045,KOEMAC,2.5
30713,1,740,Big Fill,0.5318,KOEMAC,2.5
30713,0,0,Big Fill,0.4615,KOEMAC,2.5
30713,1,520,Big Fill,2.61,KOEMAC,2.5
30713,1,273,Big Fill,1.25,KOEMAC,2.5
30713,0,0,Big Fill,2.1408,KOEMAC,2.5
30713,1,630,Big Fill,0.6266,KOEMAC,2.5
30713,1,623,Big Fill,1.7519,KOEMAC,2.5
30713,1,560,Big Fill,0.9276,KOEMAC,2.5
30713,5,530,Big Fill,5.88,KOEMAC,2.5
30713,0,0,Big Fill,5.19,KOEMAC,2.5
30713,2,310,Big Fill,3.46,KOEMAC,2.5
30713,2,375,Big Fill,3.57,KOEMAC,2.5
30713,1,378,Big Fill,5.67,KOEMAC,2.5
30713,0,0,Big Fill,15.72,KOEMAC,2.5
30713,1,400,Big Fill,11.09,KOEMAC,2.5
30713,6,402,Big Fill,9.19,KOEMAC,2.5
30713,1,476,Big Fill,9.57,KOEMAC,2.5
30713,6,419,Big Fill,9.42,KOEMAC,2.5
30713,1,425,Big Fill,7.82,KOEMAC,2.5
30713,0,0,Big Fill,7.03,KOEMAC,2.5
30713,0,0,Big Fill,11.31,KOEMAC,2.5
30713,0,0,Big Fill,11.69,KOEMAC,2.5
30713,1,404,Big Fill,8,KOEMAC,2.5
30713,2,600,Big Fill,5.529,KOEMAC,2.5
30713,5,412,Big Fill,14.13,KOEMAC,2.5
30713,3,662,Big Fill,17.38,KOEMAC,2.5
30713,2,664,Big Fill,22.5,KOEMAC,2.5
30713,5,639,Big Fill,24.86,KOEMAC,2.5
30713,5,624,Big Fill,20.87,KOEMAC,2.5
30744,1,665,Black Springs,1.69,KOEMAC,2.5
30744,0,0,Black Springs,1.31,KOEMAC,2.5
30744,0,0,Black Springs,1.8,KOEMAC,2.5
26348,0,0,Black Springs,0.87,KOEMAC,2.5
26348,0,0,Black Springs,0.78,KOEMAC,2.5
30748,1,557,Black Springs,1.296511,KOEMAC,2.5
30748,1,490,Black Springs,1.342153,KOEMAC,2.5
30744,1,637,Black Springs,3.04,KOEMAC,2.5
30744,0,0,Black Springs,5.47,KOEMAC,2.5
26348,1,393,Black Springs,5.18,KOEMAC,2.5
26348,2,359,Black Springs,4.81,KOEMAC,2.5
26348,1,361,Black Springs,4.01,KOEMAC,2.5
26348,1,316,Black Springs,7.84,KOEMAC,2.5
26348,1,307,Black Springs,2.67,KOEMAC,2.5
26348,0,0,Black Springs,3.98,KOEMAC,2.5
30748,2,662,Black Springs,5.336285,KOEMAC,2.5
30748,1,256,Black Springs,3.015527,KOEMAC,2.5
30748,1,95,Black Springs,3.687556,KOEMAC,2.5
30748,1,102,Black Springs,3.556305,KOEMAC,2.5
30744,2,615,Black Springs,11.23,KOEMAC,2.5
30744,0,0,Black Springs,9.48,KOEMAC,2.5
30744,1,300,Black Springs,12.98,KOEMAC,2.5
26348,1,525,Black Springs,8.38,KOEMAC,2.5
26348,1,446,Black Springs,8.53,KOEMAC,2.5
26348,3,314,Black Springs,17,KOEMAC,2.5
30748,1,637,Black Springs,6.111084,KOEMAC,2.5
30744,1,420,Black Springs,18.07,KOEMAC,2.5
30744,0,0,Black Springs,15.63,KOEMAC,2.5
30744,1,505,Black Springs,17.32,KOEMAC,2.5
26348,1,523,Black Springs,21.47,KOEMAC,2.5
26348,3,392,Black Springs,20.94,KOEMAC,2.5
26348,2,483,Black Springs,41.03,KOEMAC,2.5
26348,1,379,Black Springs,26.4,KOEMAC,2.5
26348,4,580,Black Springs,49.99,KOEMAC,2.5
26348,3,580,Black Springs,41.93,KOEMAC,2.5
30748,3,153,Black Springs,44.80747,KOEMAC,2.5
30748,7,127,Black Springs,35.41812,KOEMAC,2.5
26348,60,134,Black Springs,218.6831,KOEMAC,2.5
30748,3,635,Black Springs,11.91848,KOEMAC,2.5
30748,21,105,Black Springs,123.2643,KOEMAC,2.5
30739,2,232,Fry Park,2.68,KOEMAC,2.5
30739,1,271,Fry Park,7.36,KOEMAC,2.5
30740,1,261,Fry Park,1.470819,KOEMAC,2.5
30740,1,160,Fry Park,1.131437,KOEMAC,2.5
30740,1,340,Fry Park,1.624271,KOEMAC,2.5
30740,1,250,Fry Park,1.560649,KOEMAC,2.5
30740,2,393,Fry Park,1.127339,KOEMAC,2.5
30740,1,313,Fry Park,2.482571,KOEMAC,2.5
30740,1,440,Fry Park,2.434121,KOEMAC,2.5
30737,2,254,Fry Park,6.18,KOEMAC,2.5
30737,1,194,Fry Park,4.78,KOEMAC,2.5
30737,3,233,Fry Park,12.82,KOEMAC,2.5
30732,1,190,Fry Park,3.417719,KOEMAC,2.5
30740,3,124,Fry Park,3.571742,KOEMAC,2.5
30740,1,172,Fry Park,4.427651,KOEMAC,2.5
30740,1,365,Fry Park,3.736939,KOEMAC,2.5
30740,1,230,Fry Park,3.201795,KOEMAC,2.5
30740,2,362,Fry Park,3.644773,KOEMAC,2.5
30740,1,188,Fry Park,5.803854,KOEMAC,2.5
30740,1,243,Fry Park,5.505899,KOEMAC,2.5
30740,3,376,Fry Park,7.353832,KOEMAC,2.5
30740,1,370,Fry Park,5.073639,KOEMAC,2.5
30740,1,330,Fry Park,7.135719,KOEMAC,2.5
30740,1,225,Fry Park,8.307685,KOEMAC,2.5
30740,1,262,Fry Park,7.597454,KOEMAC,2.5
30740,2,203,Fry Park,7.173924,KOEMAC,2.5
30740,1,325,Fry Park,6.490128,KOEMAC,2.5
30740,2,366,Fry Park,6.759973,KOEMAC,2.5
30732,5,325,Fry Park,35.95258,KOEMAC,2.5
30740,8,300,Fry Park,18.82796,KOEMAC,2.5
30740,11,442,Fry Park,27.40384,KOEMAC,2.5
30740,13,382,Fry Park,39.842,KOEMAC,2.5
30740,4,320,Fry Park,14.41848,KOEMAC,2.5
30704,0,0,Reese Tank,1.319042,KOEMAC,2.5
30704,1,382,Reese Tank,0.63727,KOEMAC,2.5
30704,2,339,Reese Tank,5.045658,KOEMAC,2.5
30704,2,350,Reese Tank,36.74483,KOEMAC,2.5
30704,8,584,Reese Tank,32.78465,KOEMAC,2.5
30704,3,564,Reese Tank,9.781452,KOEMAC,2.5
30704,3,685,Reese Tank,27.47444,KOEMAC,2.5
30704,4,554,Reese Tank,26.85185,KOEMAC,2.5
30725,1,98,Rogers Lake,0.705553,KOEMAC,2.5
30725,2,80,Rogers Lake,2.442662,KOEMAC,2.5
30725,1,66,Rogers Lake,0.748791,KOEMAC,2.5
30725,1,141,Rogers Lake,2.627394,KOEMAC,2.5
30725,4,176,Rogers Lake,4.190055,KOEMAC,2.5
30725,2,211,Rogers Lake,4.935817,KOEMAC,2.5
30725,4,290,Rogers Lake,28.25943,KOEMAC,2.5
30725,6,162,Rogers Lake,12.82993,KOEMAC,2.5
30711,3,354,Big Fill,28.96361,MUHMON,1
30711,2,155,Big Fill,15.51768,MUHMON,1
30711,1,235,Big Fill,17.4886,MUHMON,1
30720,0,0,Big Fill,7.46,MUHMON,1
30720,0,0,Big Fill,3.57,MUHMON,1
30711,3,425,Big Fill,64.91567,MUHMON,1
30711,3,236,Big Fill,63.42845,MUHMON,1
30720,3,121,Big Fill,10.29,MUHMON,1
30720,0,0,Big Fill,15.62,MUHMON,1
30720,0,0,Big Fill,11.74,MUHMON,1
30720,1,70,Big Fill,14.67,MUHMON,1
30720,1,145,Big Fill,20.34,MUHMON,1
30720,2,359,Big Fill,12.39,MUHMON,1
30720,1,265,Big Fill,35.65,MUHMON,1
30720,0,0,Big Fill,18.04,MUHMON,1
30711,4,393,Big Fill,113.2384,MUHMON,1
30711,6,343,Big Fill,143.0575,MUHMON,1
30720,9,431,Big Fill,35.47,MUHMON,1
30720,0,0,Big Fill,57.51,MUHMON,1
30720,5,258,Big Fill,52.57,MUHMON,1
30720,2,279,Big Fill,46.12,MUHMON,1
30720,3,145,Big Fill,51.03,MUHMON,1
30720,0,0,Big Fill,31.19,MUHMON,1
30720,1,104,Big Fill,52.41,MUHMON,1
30720,0,0,Big Fill,66.82,MUHMON,1
30711,24,626,Big Fill,186.1725,MUHMON,1
30711,7,573,Big Fill,180.7527,MUHMON,1
30711,3,456,Big Fill,177.0285,MUHMON,1
30711,4,504,Big Fill,153.8116,MUHMON,1
30720,0,0,Big Fill,127.45,MUHMON,1
30720,19,465,Big Fill,155.81,MUHMON,1
30720,19,504,Big Fill,144.46,MUHMON,1
30720,7,369,Big Fill,87.05,MUHMON,1
30720,10,300,Big Fill,84.33,MUHMON,1
30711,23,546,Big Fill,730.7022,MUHMON,1
30734,4,218,FP,5.522155,MUHMON,1
30734,0,0,FP,1.570246,MUHMON,1
30734,2,291,FP,1.317059,MUHMON,1
30735,1,521,FP,2.39,MUHMON,1
30735,1,568,FP,1.08,MUHMON,1
30734,3,390,FP,23.07289,MUHMON,1
30734,4,235,FP,17.50635,MUHMON,1
30734,2,250,FP,19.15514,MUHMON,1
30734,0,0,FP,20.06045,MUHMON,1
30735,1,406,FP,5.6,MUHMON,1
30735,1,426,FP,7.93,MUHMON,1
30735,2,281,FP,5.81,MUHMON,1
30735,4,581,FP,5.96,MUHMON,1
30735,2,332,FP,5.5,MUHMON,1
30735,4,556,FP,8.7,MUHMON,1
30734,5,395,FP,57.30912,MUHMON,1
30734,4,297,FP,40.60677,MUHMON,1
30732,5,291,FP,44.9,MUHMON,1
30732,6,242,FP,41.26,MUHMON,1
30732,5,291,FP,68.47,MUHMON,1
30732,4,355,FP,83.34,MUHMON,1
30732,16,312,FP,296.54,MUHMON,1
30732,22,312,FP,247,MUHMON,1
109,0,0,KP,2.51715,MUHMON,1
109,1,85,KP,0.473602,MUHMON,1
109,1,173,KP,2.431731,MUHMON,1
109,2,402,KP,1.391988,MUHMON,1
109,1,183,KP,0.888145,MUHMON,1
109,0,0,KP,8.519774,MUHMON,1
109,1,196,KP,6.976348,MUHMON,1
109,4,135,KP,8.464813,MUHMON,1
109,1,252,KP,5.713409,MUHMON,1
109,2,332,KP,5.429663,MUHMON,1
109,2,202,KP,4.440301,MUHMON,1
109,2,305,KP,3.425283,MUHMON,1
109,3,163,KP,12.87205,MUHMON,1
109,1,265,KP,11.58247,MUHMON,1
109,11,375,KP,77.21519,MUHMON,1
115,1,249,SI,0.979634,MUHMON,1
115,2,382,SI,12.79231,MUHMON,1
115,4,351,SI,17.09872,MUHMON,1
115,5,275,SI,37.28872,MUHMON,1
30739,2,180,FP,5.802693,MUHTRI,1
30739,2,131,FP,14.68262,MUHTRI,1
30739,1,177,FP,5.676577,MUHTRI,1
30739,2,154,FP,9.121548,MUHTRI,1
30739,2,99,FP,6.524955,MUHTRI,1
30739,1,68,FP,37.49379,MUHTRI,1
30739,1,92,FP,16.51016,MUHTRI,1
30739,5,204,FP,31.0187,MUHTRI,1
30737,2,228,FP,14.2,MUHTRI,1
30737,3,285,FP,7.44,MUHTRI,1
30737,3,183,FP,15.87,MUHTRI,1
30737,2,172,FP,15.29,MUHTRI,1
30737,1,91,FP,24.89,MUHTRI,1
30737,1,320,FP,3.6,MUHTRI,1
30737,1,131,FP,9.39,MUHTRI,1
30739,4,205,FP,52.33797,MUHTRI,1
30739,6,222,FP,60.88453,MUHTRI,1
30739,3,132,FP,67.65785,MUHTRI,1
30739,10,347,FP,76.16307,MUHTRI,1
30737,1,272,FP,21.95,MUHTRI,1
30737,1,228,FP,29.18,MUHTRI,1
30737,2,372,FP,38.65,MUHTRI,1
30737,2,163,FP,40.66,MUHTRI,1
30732,0,0,FP,30.38,MUHTRI,1
30732,2,192,FP,49.43,MUHTRI,1
30739,7,113,FP,108.899,MUHTRI,1
30739,4,160,FP,67.11811,MUHTRI,1
30737,5,202,FP,98.61,MUHTRI,1
30732,1,82,FP,99.59,MUHTRI,1
30732,0,0,FP,97.17,MUHTRI,1
30732,14,392,FP,98.61,MUHTRI,1
30732,4,215,FP,83.56,MUHTRI,1
30732,0,0,FP,342.94,MUHTRI,1
30729,1,356,RL,3.186151,MUHTRI,1
30729,1,253,RL,4.84,MUHTRI,1
30729,1,152,RL,3.34,MUHTRI,1
30729,1,366,RL,8.436999,MUHTRI,1
30729,2,310,RL,6.064636,MUHTRI,1
30729,1,212,RL,12.45066,MUHTRI,1
30729,1,403,RL,14.43117,MUHTRI,1
30729,1,261,RL,9.6,MUHTRI,1
30729,2,223,RL,19.12,MUHTRI,1
30729,1,191,RL,9.33,MUHTRI,1
30729,1,270,RL,11.71,MUHTRI,1
30729,1,165,RL,17.97,MUHTRI,1
30729,1,161,RL,12.61,MUHTRI,1
30729,1,183,RL,24.74675,MUHTRI,1
30729,1,305,RL,20.3191,MUHTRI,1
30729,2,336,RL,21.9643,MUHTRI,1
30729,1,336,RL,37.07403,MUHTRI,1
30729,2,289,RL,43.01,MUHTRI,1
30729,1,251,RL,25.78,MUHTRI,1
30729,1,131,RL,20.79,MUHTRI,1
30729,1,132,RL,29.86,MUHTRI,1
30729,3,347,RL,49.33598,MUHTRI,1
30729,2,294,RL,133.39,MUHTRI,1
30729,2,255,RL,75.36,MUHTRI,1
30729,1,177,RL,140.43,MUHTRI,1
30729,0,0,RL,180.68,MUHTRI,1
30729,0,0,RL,114.84,MUHTRI,1
30729,0,0,RL,95.84,MUHTRI,1
30729,1,252,RL,281.44,MUHTRI,1
11999,1,390,Big Fill,27.9,POAFEN,4.5
30712,0,0,Big Fill,4.13,POAFEN,4.5
30712,0,0,Big Fill,1.11,POAFEN,4.5
30712,1,346,Big Fill,1.47,POAFEN,4.5
30712,3,333,Big Fill,0.81,POAFEN,4.5
11999,2,460,Big Fill,29.3,POAFEN,4.5
30717,9,484,Big Fill,6.91,POAFEN,4.5
30717,3,392,Big Fill,7.8,POAFEN,4.5
30717,1,280,Big Fill,20.08,POAFEN,4.5
30717,2,431,Big Fill,14.64,POAFEN,4.5
30717,4,353,Big Fill,6.37,POAFEN,4.5
30717,1,272,Big Fill,3.45,POAFEN,4.5
30714,1,443,Big Fill,17.34,POAFEN,4.5
30714,0,0,Big Fill,9.8,POAFEN,4.5
30714,1,357,Big Fill,12.19,POAFEN,4.5
11999,4,650,Big Fill,353.1,POAFEN,4.5
30717,25,486,Big Fill,47.75,POAFEN,4.5
30717,33,232,Big Fill,39.87,POAFEN,4.5
30717,46,252,Big Fill,59.11,POAFEN,4.5
11999,4,374,Big Fill,21.19,POAFEN,4.5
11999,7,391,Big Fill,33.18,POAFEN,4.5
11999,8,403,Big Fill,34.15,POAFEN,4.5
11999,6,462,Big Fill,27.69,POAFEN,4.5
11999,10,420,Big Fill,28.32,POAFEN,4.5
11999,5,492,Big Fill,22.55,POAFEN,4.5
11999,9,424,Big Fill,92.31,POAFEN,4.5
11999,6,469,Big Fill,44.31,POAFEN,4.5
11999,4,320,Big Fill,64.29,POAFEN,4.5
11999,16,330,Big Fill,59.59,POAFEN,4.5
11999,9,410,Big Fill,28.86,POAFEN,4.5
11999,7,515,Big Fill,61.42,POAFEN,4.5
11999,6,355,Big Fill,35.8,POAFEN,4.5
11999,7,400,Big Fill,75.12,POAFEN,4.5
11999,7,443,Big Fill,111.84,POAFEN,4.5
11999,11,413,Big Fill,81.44,POAFEN,4.5
30743,1,400,Black Springs,1.83,POAFEN,4.5
30743,1,496,Black Springs,3.75,POAFEN,4.5
30743,0,0,Black Springs,2.49,POAFEN,4.5
30743,1,590,Black Springs,6.5,POAFEN,4.5
30743,0,0,Black Springs,3.46,POAFEN,4.5
30742,2,285,Black Springs,24.1,POAFEN,4.5
30742,5,616,Black Springs,17.4,POAFEN,4.5
30742,5,610,Black Springs,9.28,POAFEN,4.5
30742,2,230,Black Springs,8.88,POAFEN,4.5
30743,2,370,Black Springs,16.96,POAFEN,4.5
30743,5,369,Black Springs,27.56,POAFEN,4.5
30743,0,0,Black Springs,17.37,POAFEN,4.5
30744,2,496,Black Springs,7.26,POAFEN,4.5
30744,3,380,Black Springs,9.48,POAFEN,4.5
30744,2,430,Black Springs,8.47,POAFEN,4.5
30742,28,708,Black Springs,44.6,POAFEN,4.5
30742,6,410,Black Springs,35.45,POAFEN,4.5
30742,1,270,Black Springs,23.74,POAFEN,4.5
30743,7,675,Black Springs,55.17,POAFEN,4.5
30743,2,497,Black Springs,39.25,POAFEN,4.5
30744,7,612,Black Springs,21.17,POAFEN,4.5
30744,2,665,Black Springs,30.94,POAFEN,4.5
30744,2,519,Black Springs,25.13,POAFEN,4.5
30747,1,330,Black Springs,36.62,POAFEN,4.5
30747,0,0,Black Springs,28.74,POAFEN,4.5
30742,28,543,Black Springs,97.2,POAFEN,4.5
30742,1,489,Black Springs,88.83,POAFEN,4.5
30742,8,810,Black Springs,46.93,POAFEN,4.5
30743,17,856,Black Springs,55.3,POAFEN,4.5
30743,22,746,Black Springs,72.22,POAFEN,4.5
30744,4,633,Black Springs,76.49,POAFEN,4.5
30742,14,602,Black Springs,233,POAFEN,4.5
30743,33,646,Black Springs,115.64,POAFEN,4.5
30744,9,614,Black Springs,108.3,POAFEN,4.5
30747,0,0,Black Springs,161,POAFEN,4.5
30739,1,243,Fry Park,0.91,POAFEN,4.5
30737,3,303,Fry Park,1.94,POAFEN,4.5
30737,1,164,Fry Park,1.13,POAFEN,4.5
30737,4,336,Fry Park,2.78,POAFEN,4.5
30737,1,485,Fry Park,7.4,POAFEN,4.5
30735,4,510,Fry Park,49.6,POAFEN,4.5
30737,12,694,Fry Park,13.8,POAFEN,4.5
30737,11,878,Fry Park,24.4,POAFEN,4.5
30737,16,542,Fry Park,39.1,POAFEN,4.5
30739,2,242,Fry Park,5.7,POAFEN,4.5
30739,1,372,Fry Park,7.69,POAFEN,4.5
30737,7,434,Fry Park,7.7,POAFEN,4.5
30737,3,500,Fry Park,6.03,POAFEN,4.5
30737,2,358,Fry Park,4.79,POAFEN,4.5
30737,2,487,Fry Park,12.76,POAFEN,4.5
30735,8,376,Fry Park,87.5,POAFEN,4.5
30739,3,256,Fry Park,23.22,POAFEN,4.5
30737,8,552,Fry Park,20.24,POAFEN,4.5
30739,5,366,Fry Park,16.76,POAFEN,4.5
30737,7,568,Fry Park,24.41,POAFEN,4.5
30737,12,417,Fry Park,22.79,POAFEN,4.5
30739,13,485,Fry Park,38.72,POAFEN,4.5
30731,7,654,Fry Park,63.15,POAFEN,4.5
30737,36,443,Fry Park,53.26,POAFEN,4.5
30739,7,371,Fry Park,50.67,POAFEN,4.5
30737,23,592,Fry Park,43.93,POAFEN,4.5
30731,14,284,Fry Park,64.88,POAFEN,4.5
30731,18,326,Fry Park,96.85,POAFEN,4.5
30731,17,506,Fry Park,95.83,POAFEN,4.5
22156,5,853,Fort Valley,13.9,POAFEN,4.5
22156,1,618,Fort Valley,6.6,POAFEN,4.5
22156,0,0,Fort Valley,2.59,POAFEN,4.5
22156,0,0,Fort Valley,0.55,POAFEN,4.5
22156,0,0,Fort Valley,2.49,POAFEN,4.5
22156,9,779,Fort Valley,25.6,POAFEN,4.5
22156,0,0,Fort Valley,21.68,POAFEN,4.5
22156,2,601,Fort Valley,7.51,POAFEN,4.5
22156,0,0,Fort Valley,8.51,POAFEN,4.5
22156,0,0,Fort Valley,9.77,POAFEN,4.5
22156,0,0,Fort Valley,4.1,POAFEN,4.5
22244,3,244,Fort Valley,12,POAFEN,4.5
22244,3,522,Fort Valley,1.12,POAFEN,4.5
22244,3,700,Fort Valley,11.75,POAFEN,4.5
22244,1,296,Fort Valley,4.74,POAFEN,4.5
22156,15,464,Fort Valley,62.5,POAFEN,4.5
22156,3,522,Fort Valley,40.97,POAFEN,4.5
22156,0,0,Fort Valley,20.86,POAFEN,4.5
22156,9,566,Fort Valley,44.73,POAFEN,4.5
22156,3,522,Fort Valley,20.42,POAFEN,4.5
22156,0,0,Fort Valley,20.17,POAFEN,4.5
22156,2,545,Fort Valley,11.89,POAFEN,4.5
22244,4,766,Fort Valley,22.37,POAFEN,4.5
22244,3,551,Fort Valley,22.03,POAFEN,4.5
22244,2,510,Fort Valley,27.6,POAFEN,4.5
22156,0,0,Fort Valley,53.01,POAFEN,4.5
22156,2,501,Fort Valley,40.75,POAFEN,4.5
22156,2,298,Fort Valley,32.37,POAFEN,4.5
22156,1,224,Fort Valley,40.74,POAFEN,4.5
22244,0,0,Fort Valley,75.3,POAFEN,4.5
22244,0,0,Fort Valley,46.6,POAFEN,4.5
22244,3,392,Fort Valley,28.71,POAFEN,4.5
22244,0,0,Fort Valley,55.2,POAFEN,4.5
22244,6,463,Fort Valley,29.09,POAFEN,4.5
22244,6,351,Fort Valley,79.33,POAFEN,4.5
22156,56,716,Fort Valley,349.9,POAFEN,4.5
22156,1,533,Fort Valley,60.37,POAFEN,4.5
22156,15,764,Fort Valley,85.39,POAFEN,4.5
22156,7,613,Fort Valley,139.51,POAFEN,4.5
22244,24,865,Fort Valley,82.26,POAFEN,4.5
30703,1,334,Reese Tank,2.48,POAFEN,4.5
30703,0,0,Reese Tank,2.02,POAFEN,4.5
30703,2,287,Reese Tank,3.08,POAFEN,4.5
30703,0,0,Reese Tank,2.95,POAFEN,4.5
30703,1,205,Reese Tank,0.6,POAFEN,4.5
30705,1,445,Reese Tank,3.1,POAFEN,4.5
30703,2,153,Reese Tank,8.9,POAFEN,4.5
30703,2,356,Reese Tank,10.59,POAFEN,4.5
30703,2,412,Reese Tank,10.43,POAFEN,4.5
30703,5,342,Reese Tank,20.72,POAFEN,4.5
30703,3,525,Reese Tank,23.1,POAFEN,4.5
30703,7,482,Reese Tank,40.42,POAFEN,4.5
30730,1,95,Rogers Lake,16.6,POAFEN,4.5
30730,10,500,Rogers Lake,21.9,POAFEN,4.5
30730,6,604,Rogers Lake,18.3,POAFEN,4.5
30730,5,331,Rogers Lake,53,POAFEN,4.5
30730,4,305,Rogers Lake,49.8,POAFEN,4.5
30730,6,644,Rogers Lake,31.4,POAFEN,4.5
104,0,0,Government Knolls,1,POAFEN,4.5
104,1,420,Government Knolls,5.7,POAFEN,4.5
104,0,0,Government Knolls,0.8,POAFEN,4.5
104,0,0,Government Knolls,3.31,POAFEN,4.5
104,0,0,Government Knolls,1.64,POAFEN,4.5
104,3,517,Government Knolls,33.8,POAFEN,4.5
104,0,0,Government Knolls,6.1,POAFEN,4.5
104,0,0,Government Knolls,11.68,POAFEN,4.5
104,0,0,Government Knolls,12.77,POAFEN,4.5
104,3,385,Government Knolls,12.24,POAFEN,4.5
104,2,290,Government Knolls,21.86,POAFEN,4.5
104,1,354,Government Knolls,6.87,POAFEN,4.5
104,0,0,Government Knolls,14.71,POAFEN,4.5
104,0,0,Government Knolls,9.94,POAFEN,4.5
104,0,0,Government Knolls,9.11,POAFEN,4.5
104,7,391,Government Knolls,61.9,POAFEN,4.5
104,0,0,Government Knolls,26.77,POAFEN,4.5
104,1,242,Government Knolls,17.08,POAFEN,4.5
104,0,0,Government Knolls,32.11,POAFEN,4.5
104,1,431,Government Knolls,15.92,POAFEN,4.5
104,3,435,Government Knolls,26.41,POAFEN,4.5
104,0,0,Government Knolls,31.71,POAFEN,4.5
104,1,568,Government Knolls,38.24,POAFEN,4.5
104,1,375,Government Knolls,21.12,POAFEN,4.5
104,2,318,Government Knolls,22.98,POAFEN,4.5
104,0,0,Government Knolls,126.9,POAFEN,4.5
104,3,258,Government Knolls,75.9,POAFEN,4.5
104,8,541,Government Knolls,30.44,POAFEN,4.5
104,2,386,Government Knolls,30.95,POAFEN,4.5
104,5,390,Government Knolls,44.06,POAFEN,4.5
104,3,393,Government Knolls,54.14,POAFEN,4.5
104,6,649,Government Knolls,83.62,POAFEN,4.5
110,1,680,Kendrick Panel,0.6,POAFEN,4.5
109,0,0,Kendrick Panel,0.66,POAFEN,4.5
109,0,0,Kendrick Panel,0.47,POAFEN,4.5
108,0,0,Kendrick Panel,0.49,POAFEN,4.5
109,0,0,Kendrick Panel,5.7,POAFEN,4.5
108,0,0,Kendrick Panel,2.45,POAFEN,4.5
108,0,0,Kendrick Panel,4.78,POAFEN,4.5
108,0,0,Kendrick Panel,4.6,POAFEN,4.5
108,1,790,Kendrick Panel,4.03,POAFEN,4.5
108,1,764,Kendrick Panel,6.53,POAFEN,4.5
108,3,382,Kendrick Panel,2.65,POAFEN,4.5
108,2,255,Kendrick Panel,5.53,POAFEN,4.5
9009H,1,309,Kendrick Panel,5.83,POAFEN,4.5
9009H,1,300,Kendrick Panel,6.82,POAFEN,4.5
110,2,545,Kendrick Panel,36.5,POAFEN,4.5
109,0,0,Kendrick Panel,29.22,POAFEN,4.5
108,0,0,Kendrick Panel,12.12,POAFEN,4.5
108,0,0,Kendrick Panel,11.72,POAFEN,4.5
108,1,395,Kendrick Panel,10.43,POAFEN,4.5
108,1,475,Kendrick Panel,4.55,POAFEN,4.5
108,1,300,Kendrick Panel,10.81,POAFEN,4.5
9009H,3,310,Kendrick Panel,32.22,POAFEN,4.5
9009H,1,492,Kendrick Panel,10.32,POAFEN,4.5
9009H,3,610,Kendrick Panel,15.64,POAFEN,4.5
110,12,525,Kendrick Panel,69.2,POAFEN,4.5
110,20,317,Kendrick Panel,64.2,POAFEN,4.5
110,16,772,Kendrick Panel,95.9,POAFEN,4.5
110,6,635,Kendrick Panel,88.2,POAFEN,4.5
9009H,5,669,Kendrick Panel,22.42,POAFEN,4.5
9009H,2,495,Kendrick Panel,35.57,POAFEN,4.5
9009H,7,490,Kendrick Panel,30.43,POAFEN,4.5
115,0,0,SI Panel,2.26,POAFEN,4.5
115,1,256,SI Panel,0.41,POAFEN,4.5
115,8,305,SI Panel,5.7,POAFEN,4.5
115,0,0,SI Panel,5.28,POAFEN,4.5
115,0,0,SI Panel,3.29,POAFEN,4.5
115,3,351,SI Panel,31.7,POAFEN,4.5
115,2,505,SI Panel,53.4,POAFEN,4.5
115,5,452,SI Panel,34.4,POAFEN,4.5
115,8,677,SI Panel,25.8,POAFEN,4.5
21114,0,0,SI Panel,0.88,POAFEN,4.5
21114,0,0,SI Panel,0.71,POAFEN,4.5
21114,0,0,SI Panel,0.99,POAFEN,4.5
21114,0,0,SI Panel,1.52,POAFEN,4.5
21114,0,0,SI Panel,1.17,POAFEN,4.5
21114,0,0,SI Panel,7.17,POAFEN,4.5
21114,0,0,SI Panel,3.86,POAFEN,4.5
21114,0,0,SI Panel,5.02,POAFEN,4.5
21114,0,0,SI Panel,4.04,POAFEN,4.5
21114,0,0,SI Panel,4.02,POAFEN,4.5
21174,1,372,SI Panel,3.33,POAFEN,4.5
21174,2,484,SI Panel,9.43,POAFEN,4.5
21174,1,563,SI Panel,5.71,POAFEN,4.5
21174,7,585,SI Panel,13.84,POAFEN,4.5
21174,3,564,SI Panel,10.42,POAFEN,4.5
21174,0,0,SI Panel,12.99,POAFEN,4.5
21174,4,607,SI Panel,17.19,POAFEN,4.5
21114,2,536,SI Panel,15.55,POAFEN,4.5
21174,5,669,SI Panel,22.39,POAFEN,4.5
21174,5,576,SI Panel,24.51,POAFEN,4.5
200446,1,131,Black Springs,13.9597,SPOINT,1
200446,1,423,Black Springs,5.443835,SPOINT,1
200446,2,360,Black Springs,5.890411,SPOINT,1
30748,0,0,Black Springs,2.54,SPOINT,1
30748,0,0,Black Springs,3.28,SPOINT,1
200446,1,355,Black Springs,13.54868,SPOINT,1
200446,2,324,Black Springs,22.475,SPOINT,1
30748,2,362,Black Springs,7.78,SPOINT,1
30748,3,341,Black Springs,16.94,SPOINT,1
26345,1,209,Black Springs,6.02,SPOINT,1
26345,0,0,Black Springs,11.65,SPOINT,1
26345,2,262,Black Springs,14.06,SPOINT,1
26345,0,0,Black Springs,10.79,SPOINT,1
26345,0,0,Black Springs,16.42,SPOINT,1
26345,3,260,Black Springs,12.43,SPOINT,1
200446,2,340,Black Springs,30.21134,SPOINT,1
200446,4,362,Black Springs,38.34405,SPOINT,1
200446,2,330,Black Springs,43.22564,SPOINT,1
200446,4,230,Black Springs,48.99146,SPOINT,1
200446,4,210,Black Springs,40.01258,SPOINT,1
200446,4,473,Black Springs,46.09802,SPOINT,1
30748,1,281,Black Springs,23.71,SPOINT,1
30745,1,344,Black Springs,23.15,SPOINT,1
26345,6,463,Black Springs,58.85,SPOINT,1
26345,1,302,Black Springs,27.83,SPOINT,1
200446,4,350,Black Springs,83.69568,SPOINT,1
200446,3,204,Black Springs,72.85927,SPOINT,1
200446,1,270,Black Springs,62.22908,SPOINT,1
200446,11,290,Black Springs,89.78355,SPOINT,1
200446,6,320,Black Springs,67.46818,SPOINT,1
26345,2,146,Black Springs,193.53,SPOINT,1
26345,3,330,Black Springs,65.67,SPOINT,1
26345,2,219,Black Springs,82.22,SPOINT,1
26345,1,149,Black Springs,77.53,SPOINT,1
26345,0,0,Black Springs,58.31,SPOINT,1
30743,2,550,Black Springs,152.2488,SPOINT,1
NONE,2,272,Black Springs,426.8089,SPOINT,1
NONE,14,492,Black Springs,424.0611,SPOINT,1
NONE,22,394,Black Springs,2549.225,SPOINT,1
NONE,28,560,Black Springs,1976.811,SPOINT,1
30739,1,92,Fry Park,2.94,SPOINT,1
30739,1,77,Fry Park,1.4,SPOINT,1
30739,0,0,Fry Park,0.74,SPOINT,1
30739,1,392,Fry Park,2.87,SPOINT,1
30739,1,196,Fry Park,1.41,SPOINT,1
30739,1,116,Fry Park,6.44,SPOINT,1
30739,0,0,Fry Park,7.36,SPOINT,1
30739,0,0,Fry Park,5.72,SPOINT,1
30739,0,0,Fry Park,9.82,SPOINT,1
30739,1,85,Fry Park,3.9,SPOINT,1
30740,0,0,Fry Park,4.49,SPOINT,1
30740,0,0,Fry Park,10.48,SPOINT,1
30740,0,0,Fry Park,5.27,SPOINT,1
30740,1,95,Fry Park,5.62,SPOINT,1
30740,0,0,Fry Park,8.16,SPOINT,1
30739,1,134,Fry Park,22.05,SPOINT,1
30739,0,0,Fry Park,13.99,SPOINT,1
30739,0,0,Fry Park,15.24,SPOINT,1
30740,0,0,Fry Park,14.11,SPOINT,1
30740,1,152,Fry Park,22.34,SPOINT,1
30740,1,104,Fry Park,12.99,SPOINT,1
30740,0,0,Fry Park,15.4,SPOINT,1
30740,0,0,Fry Park,18.35,SPOINT,1
30740,0,0,Fry Park,12.26,SPOINT,1
30740,0,0,Fry Park,15.48,SPOINT,1
30739,0,0,Fry Park,46.64,SPOINT,1
30739,0,0,Fry Park,40.11,SPOINT,1
30739,0,0,Fry Park,28.7,SPOINT,1
30740,0,0,Fry Park,49.06,SPOINT,1
30740,0,0,Fry Park,46.23,SPOINT,1
30740,0,0,Fry Park,46.78,SPOINT,1
30740,0,0,Fry Park,30.88,SPOINT,1
30740,0,0,Fry Park,32.25,SPOINT,1
30740,0,0,Fry Park,38.06,SPOINT,1
30740,0,0,Fry Park,32.03,SPOINT,1
30740,0,0,Fry Park,294.33,SPOINT,1
30740,0,0,Fry Park,508.01,SPOINT,1
30740,0,0,Fry Park,937.75,SPOINT,1
30740,0,0,Fry Park,578.66,SPOINT,1
30740,0,0,Fry Park,289.22,SPOINT,1
